Nitrogen,Phosphorous,Potassium,Temperature,Humidity,Moisture,Soil Type,Crop Type,Fertilizer Name
92,14,106,38.4,65.3,32.3,Red,Wheat,DAP
87,116,99,19.3,70.0,12.8,Black,Wheat,28-28
37,129,191,44.8,67.1,40.6,Red,Millets,Urea
58,14,189,17.7,67.2,29.1,Sandy,Oil seeds,DAP
130,50,134,20.1,19.6,57.4,Sandy,Tobacco,28-28
8,89,52,21.9,34.7,44.2,Loamy,Sugarcane,28-28
80,49,103,37.7,50.6,20.4,Black,Millets,Urea
43,13,94,42.7,21.6,19.8,Loamy,Sugarcane,DAP
81,110,52,32.6,97.0,40.4,Clayey,Oil seeds,14-35-14
14,44,64,15.5,50.4,29.7,Clayey,Oil seeds,14-35-14
80,135,162,38.7,66.1,56.3,Black,Millets,Urea
71,11,161,17.9,45.9,43.4,Sandy,Wheat,DAP
103,34,192,26.5,97.6,52.4,Black,Paddy,DAP
102,26,136,36.3,23.5,32.0,Loamy,Paddy,DAP
51,95,131,42.2,35.4,30.5,Sandy,Cotton,14-35-14
35,12,159,33.0,73.8,54.0,Clayey,Ground Nuts,14-35-14
61,133,27,39.1,30.0,54.6,Clayey,Pulses,14-35-14
91,128,120,34.4,14.0,27.6,Loamy,Ground Nuts,14-35-14
136,61,164,35.8,37.2,22.2,Black,Cotton,14-35-14
112,61,185,43.9,35.7,34.9,Sandy,Barley,28-28
112,80,186,33.3,57.2,12.6,Clayey,Maize,10-26-26
128,125,129,30.9,52.5,37.6,Sandy,Paddy,10-26-26
122,144,37,26.0,68.4,41.7,Black,Tobacco,14-35-14
123,69,92,40.8,42.0,21.0,Sandy,Maize,28-28
95,51,160,26.9,58.5,51.9,Black,Pulses,14-35-14
41,98,6,34.8,84.3,37.8,Red,Ground Nuts,14-35-14
128,47,139,31.7,89.9,19.4,Loamy,Maize,10-26-26
47,130,147,41.6,81.1,42.1,Black,Oil seeds,14-35-14
103,83,111,18.0,71.1,10.3,Sandy,Ground Nuts,14-35-14
53,67,32,29.8,29.4,28.3,Loamy,Sugarcane,10-26-26
127,32,175,17.8,45.6,23.3,Sandy,Cotton,DAP
50,7,26,28.0,44.1,42.3,Clayey,Barley,DAP
60,47,146,32.2,80.1,12.2,Clayey,Maize,10-26-26
123,36,23,24.9,61.5,38.6,Black,Paddy,10-26-26
66,127,17,31.7,94.5,44.8,Clayey,Tobacco,20-20
31,85,150,19.2,58.6,53.9,Loamy,Millets,20-20
42,38,169,39.3,83.7,53.4,Sandy,Maize,10-26-26
35,19,64,17.1,48.1,12.5,Sandy,Pulses,14-35-14
97,65,31,32.3,17.1,33.3,Red,Cotton,14-35-14
57,85,48,16.1,84.7,28.0,Loamy,Barley,28-28
7,52,59,21.5,67.6,14.3,Sandy,Paddy,17-17-17
54,51,143,44.3,58.4,26.1,Black,Tobacco,Urea
91,57,182,22.5,29.9,14.0,Black,Millets,Urea
57,121,0,28.3,34.6,14.7,Sandy,Paddy,Urea
116,128,15,30.5,70.5,31.8,Clayey,Millets,20-20
85,28,205,17.8,22.1,25.6,Red,Cotton,DAP
84,38,99,20.2,51.3,29.9,Clayey,Tobacco,DAP
99,33,179,26.2,67.8,35.2,Clayey,Barley,DAP
3,15,23,43.3,95.2,53.4,Clayey,Maize,Urea
139,123,32,28.7,60.9,57.1,Red,Ground Nuts,14-35-14
73,42,43,23.2,32.5,28.9,Sandy,Cotton,14-35-14
34,80,89,24.6,86.7,11.2,Loamy,Cotton,DAP
134,57,113,33.9,89.5,46.8,Sandy,Cotton,14-35-14
137,100,200,32.1,63.5,46.6,Clayey,Paddy,10-26-26
95,36,11,27.9,78.6,47.7,Loamy,Tobacco,17-17-17
112,61,83,39.8,41.5,54.8,Sandy,Oil seeds,14-35-14
139,75,8,24.6,95.7,57.5,Red,Maize,28-28
110,143,116,17.8,65.8,37.7,Loamy,Cotton,17-17-17
56,38,108,42.9,97.8,59.8,Clayey,Tobacco,DAP
74,145,75,35.6,86.0,53.3,Black,Paddy,10-26-26
136,26,121,19.4,58.1,21.7,Loamy,Millets,DAP
64,85,144,43.4,98.8,47.7,Clayey,Millets,Urea
107,90,201,42.2,23.6,34.6,Clayey,Cotton,10-26-26
125,57,147,18.6,24.1,42.5,Red,Sugarcane,20-20
91,112,152,41.1,33.2,58.2,Black,Maize,10-26-26
19,145,46,33.9,73.8,32.7,Clayey,Paddy,17-17-17
11,73,15,41.7,53.2,41.0,Black,Barley,28-28
91,89,135,25.6,64.2,13.9,Loamy,Millets,20-20
140,45,34,39.7,95.7,46.3,Sandy,Ground Nuts,14-35-14
9,55,29,41.0,17.9,11.3,Loamy,Oil seeds,14-35-14
10,84,25,26.4,97.4,52.1,Sandy,Maize,28-28
104,98,128,15.4,20.5,44.6,Loamy,Maize,10-26-26
101,2,180,32.6,76.4,47.9,Clayey,Paddy,DAP
84,77,200,18.9,96.0,40.3,Sandy,Cotton,14-35-14
31,33,91,23.1,15.9,34.9,Sandy,Maize,28-28
122,49,11,39.5,97.2,14.4,Black,Barley,DAP
111,46,150,37.7,67.3,45.2,Sandy,Ground Nuts,14-35-14
37,49,97,34.1,61.7,14.6,Red,Cotton,14-35-14
78,29,105,40.9,95.7,17.4,Red,Sugarcane,DAP
73,16,83,28.8,98.3,34.6,Sandy,Millets,DAP
114,110,150,18.8,27.1,16.9,Black,Ground Nuts,14-35-14
103,131,183,27.3,89.2,35.8,Red,Millets,20-20
20,4,91,25.4,16.7,37.4,Black,Pulses,Urea
11,89,45,25.9,57.3,44.5,Sandy,Paddy,Urea
46,120,55,41.2,93.2,13.1,Sandy,Pulses,14-35-14
0,7,112,32.9,98.8,36.8,Red,Pulses,Urea
27,77,129,37.4,17.2,22.6,Loamy,Millets,20-20
17,37,114,22.3,37.2,28.9,Black,Wheat,Urea
16,85,125,18.6,90.6,39.7,Sandy,Pulses,14-35-14
66,108,145,17.6,60.2,39.3,Loamy,Tobacco,17-17-17
82,41,168,25.1,91.4,40.4,Sandy,Millets,Urea
120,32,180,18.1,27.1,22.3,Clayey,Ground Nuts,DAP
61,93,94,16.7,86.4,12.6,Black,Tobacco,10-26-26
35,5,65,32.3,92.9,10.3,Clayey,Millets,20-20
61,78,202,32.1,38.1,48.5,Black,Millets,Urea
18,19,112,30.9,74.8,48.4,Red,Barley,Urea
125,138,99,24.6,65.1,28.5,Clayey,Barley,28-28
4,137,171,21.1,72.9,14.4,Loamy,Millets,Urea
8,142,151,33.2,82.3,15.3,Sandy,Oil seeds,14-35-14
77,116,119,44.7,31.6,29.0,Red,Paddy,Urea
63,92,71,39.8,78.5,50.0,Red,Millets,20-20
82,122,77,30.7,44.9,53.9,Clayey,Paddy,Urea
124,96,22,28.2,63.7,27.8,Black,Sugarcane,20-20
52,103,103,33.7,24.1,57.0,Loamy,Wheat,28-28
41,14,110,33.6,59.9,54.7,Black,Wheat,DAP
37,96,154,37.3,16.9,38.5,Clayey,Tobacco,10-26-26
122,73,96,18.1,60.1,28.9,Clayey,Pulses,14-35-14
14,135,4,29.6,49.2,48.6,Red,Millets,Urea
35,25,42,33.0,85.1,58.0,Black,Cotton,20-20
45,106,139,42.4,26.0,15.0,Loamy,Barley,28-28
99,67,132,42.7,74.8,17.6,Red,Maize,10-26-26
50,28,205,43.0,93.6,32.5,Sandy,Pulses,DAP
89,109,163,18.7,93.2,53.5,Clayey,Paddy,10-26-26
52,136,201,39.1,14.4,26.7,Black,Wheat,28-28
89,74,37,25.4,43.8,46.9,Sandy,Tobacco,Urea
107,24,198,20.0,16.9,25.6,Black,Ground Nuts,DAP
113,48,198,44.3,53.5,37.9,Loamy,Ground Nuts,14-35-14
62,103,48,24.0,40.7,29.9,Red,Barley,28-28
61,31,157,20.7,17.1,33.6,Black,Cotton,DAP
17,0,77,36.4,59.4,36.7,Black,Millets,Urea
62,131,128,25.0,20.5,47.7,Loamy,Maize,10-26-26
109,123,86,44.4,86.2,53.3,Loamy,Pulses,14-35-14
56,66,186,30.2,65.2,27.0,Sandy,Millets,Urea
91,7,161,39.2,99.0,40.2,Sandy,Cotton,DAP
54,6,73,17.6,31.9,11.3,Red,Ground Nuts,DAP
28,81,1,42.3,67.7,26.8,Red,Cotton,14-35-14
118,139,19,33.7,49.2,37.6,Black,Sugarcane,20-20
98,85,107,19.2,88.7,34.4,Clayey,Sugarcane,20-20
113,114,13,37.3,74.1,30.1,Sandy,Wheat,28-28
3,28,108,35.7,72.8,51.1,Black,Oil seeds,Urea
99,40,165,17.0,48.9,34.9,Loamy,Paddy,28-28
105,85,26,42.0,89.2,39.9,Clayey,Wheat,28-28
137,144,153,27.1,80.3,31.1,Clayey,Oil seeds,14-35-14
53,106,192,17.5,65.9,22.3,Red,Sugarcane,10-26-26
39,10,163,36.6,39.6,38.3,Black,Paddy,DAP
55,32,35,31.2,27.9,52.1,Clayey,Sugarcane,DAP
108,72,200,25.5,49.5,45.2,Black,Maize,10-26-26
24,38,34,39.6,82.7,44.7,Loamy,Millets,Urea
11,18,100,17.7,92.9,16.8,Loamy,Barley,Urea
54,46,11,31.3,89.1,46.6,Sandy,Pulses,14-35-14
117,24,88,34.4,73.6,12.6,Sandy,Paddy,DAP
15,144,150,31.7,54.7,25.6,Loamy,Pulses,14-35-14
114,71,58,43.3,54.8,53.1,Sandy,Paddy,10-26-26
102,16,13,32.9,33.8,16.0,Loamy,Cotton,DAP
36,107,38,24.5,60.4,49.5,Black,Sugarcane,Urea
15,107,125,27.5,53.7,59.5,Sandy,Sugarcane,14-35-14
140,17,159,43.0,20.0,10.5,Clayey,Wheat,DAP
61,15,183,23.2,48.3,14.6,Clayey,Maize,DAP
132,64,176,18.3,44.5,24.4,Red,Wheat,28-28
36,72,142,26.5,72.4,20.9,Loamy,Tobacco,17-17-17
60,123,197,44.5,90.0,40.0,Clayey,Pulses,14-35-14
51,3,58,27.0,86.1,21.5,Sandy,Sugarcane,DAP
109,73,106,20.3,33.0,19.3,Clayey,Cotton,14-35-14
4,53,46,21.5,58.6,39.9,Clayey,Millets,Urea
81,61,144,19.6,84.2,21.2,Loamy,Ground Nuts,14-35-14
88,72,67,32.4,21.9,53.9,Clayey,Millets,Urea
75,8,39,42.9,77.2,24.1,Black,Oil seeds,DAP
132,89,145,17.4,32.9,44.2,Black,Barley,28-28
80,113,39,41.5,58.4,55.3,Clayey,Paddy,14-35-14
39,90,204,23.0,89.6,49.9,Loamy,Millets,Urea
58,47,168,25.0,34.5,56.5,Black,Maize,10-26-26
6,132,44,41.2,16.5,51.3,Black,Tobacco,DAP
38,81,99,31.7,79.1,22.9,Clayey,Ground Nuts,14-35-14
45,112,16,18.5,46.4,10.5,Clayey,Sugarcane,17-17-17
73,62,155,34.0,94.2,15.1,Black,Cotton,28-28
67,16,11,17.0,64.1,27.3,Red,Tobacco,DAP
49,13,191,35.3,52.4,42.4,Black,Pulses,DAP
6,28,138,39.6,46.0,50.9,Clayey,Tobacco,Urea
25,28,3,27.8,52.8,18.2,Loamy,Ground Nuts,Urea
74,115,31,17.5,72.5,42.7,Clayey,Wheat,28-28
80,125,183,28.0,95.2,31.0,Black,Ground Nuts,14-35-14
5,130,0,24.6,76.3,47.3,Red,Ground Nuts,14-35-14
24,23,11,31.9,54.6,37.2,Sandy,Cotton,Urea
92,52,7,38.1,86.7,48.1,Sandy,Oil seeds,14-35-14
23,59,121,33.5,82.5,34.1,Clayey,Cotton,20-20
125,83,8,21.0,56.3,13.2,Sandy,Wheat,28-28
116,129,87,28.0,98.7,17.5,Clayey,Barley,28-28
63,81,109,44.2,76.1,42.8,Loamy,Paddy,Urea
101,135,10,29.4,23.0,22.1,Red,Maize,28-28
96,1,32,41.5,21.1,51.2,Red,Oil seeds,DAP
102,89,173,35.8,84.6,12.1,Loamy,Pulses,14-35-14
60,122,133,32.8,67.0,40.6,Black,Maize,10-26-26
7,71,177,33.8,81.4,40.6,Loamy,Oil seeds,14-35-14
83,131,133,39.5,52.9,42.2,Black,Wheat,28-28
105,13,202,36.7,65.0,42.5,Red,Oil seeds,DAP
121,54,99,37.3,89.0,31.7,Clayey,Oil seeds,14-35-14
81,145,149,25.0,60.7,34.7,Red,Cotton,14-35-14
34,92,181,15.9,36.2,33.1,Black,Pulses,14-35-14
23,36,3,37.1,80.0,35.2,Loamy,Paddy,Urea
95,104,163,15.9,48.0,40.3,Sandy,Sugarcane,20-20
5,38,169,44.8,38.4,28.0,Red,Sugarcane,Urea
17,39,20,37.0,25.3,45.8,Clayey,Cotton,Urea
13,77,1,20.4,87.5,34.6,Loamy,Wheat,28-28
124,110,13,30.4,44.9,39.6,Red,Barley,28-28
122,88,27,22.7,70.5,26.3,Sandy,Barley,28-28
44,46,30,22.1,20.3,18.5,Red,Millets,Urea
93,104,0,28.5,64.6,57.4,Red,Pulses,14-35-14
27,120,106,37.1,71.1,33.7,Red,Oil seeds,14-35-14
55,110,133,21.2,23.6,23.5,Red,Maize,10-26-26
36,19,25,16.2,24.5,32.6,Sandy,Sugarcane,DAP
68,11,19,44.6,97.0,10.2,Black,Paddy,DAP
49,28,184,32.4,35.9,36.1,Sandy,Sugarcane,DAP
37,83,150,15.9,40.5,45.2,Red,Wheat,28-28
118,7,84,17.8,71.8,32.2,Red,Pulses,DAP
54,118,170,35.5,56.8,40.9,Loamy,Paddy,10-26-26
75,71,88,35.7,72.2,20.8,Sandy,Millets,Urea
104,89,189,34.7,99.9,12.4,Clayey,Paddy,10-26-26
88,12,72,17.7,38.8,15.5,Sandy,Oil seeds,DAP
101,131,101,28.1,91.5,53.9,Clayey,Sugarcane,20-20
108,74,128,18.6,60.8,10.3,Black,Wheat,28-28
59,92,160,22.1,46.1,21.4,Red,Maize,10-26-26
98,109,205,33.6,53.9,29.0,Black,Pulses,14-35-14
116,11,132,27.0,63.9,36.7,Loamy,Pulses,DAP
107,122,170,15.5,30.8,10.4,Loamy,Ground Nuts,14-35-14
24,35,202,26.4,31.0,34.0,Red,Paddy,Urea
77,124,195,22.7,38.5,25.4,Loamy,Cotton,10-26-26
1,76,131,39.7,58.9,16.2,Loamy,Cotton,28-28
70,55,169,20.6,92.9,31.2,Clayey,Pulses,14-35-14
119,105,46,43.5,65.7,51.0,Sandy,Barley,28-28
136,25,8,34.4,29.0,28.0,Red,Barley,DAP
90,36,67,23.2,84.7,31.2,Sandy,Pulses,14-35-14
68,48,107,40.9,32.6,14.8,Sandy,Pulses,14-35-14
10,137,200,26.7,65.1,34.8,Black,Paddy,10-26-26
66,41,117,28.4,76.3,10.8,Clayey,Cotton,28-28
101,41,31,23.2,20.8,14.3,Red,Cotton,14-35-14
130,72,135,26.0,43.5,40.9,Red,Maize,10-26-26
129,4,171,22.0,60.4,54.0,Red,Maize,DAP
43,124,57,25.0,71.6,59.7,Black,Sugarcane,DAP
34,97,29,25.0,63.9,14.4,Sandy,Barley,28-28
30,46,54,31.1,22.3,32.5,Clayey,Paddy,28-28
135,2,143,26.5,24.3,58.7,Red,Maize,DAP
103,107,64,40.3,58.8,41.2,Clayey,Barley,28-28
15,37,141,18.5,33.6,27.1,Sandy,Sugarcane,Urea
1,74,66,26.9,52.5,40.0,Clayey,Oil seeds,14-35-14
85,59,100,26.7,57.1,29.9,Black,Wheat,28-28
34,133,66,38.7,40.2,14.0,Loamy,Barley,28-28
65,90,129,21.7,96.3,38.7,Black,Paddy,10-26-26
53,32,163,33.2,26.0,54.9,Sandy,Sugarcane,DAP
133,24,140,26.0,19.9,11.3,Black,Tobacco,DAP
11,31,127,28.0,40.8,35.3,Red,Oil seeds,Urea
59,133,159,21.5,67.3,42.5,Clayey,Sugarcane,10-26-26
4,9,88,16.7,99.6,12.9,Black,Cotton,Urea
82,136,98,17.2,81.3,23.3,Sandy,Millets,Urea
3,102,39,39.4,66.9,25.3,Red,Maize,28-28
123,62,115,27.1,70.3,27.7,Red,Tobacco,14-35-14
85,132,182,27.5,55.4,11.0,Clayey,Barley,28-28
57,119,166,33.6,41.8,51.7,Loamy,Paddy,10-26-26
81,138,190,30.0,36.9,17.5,Clayey,Paddy,10-26-26
51,111,81,29.3,46.3,29.7,Loamy,Tobacco,17-17-17
20,41,140,19.0,22.8,42.9,Loamy,Barley,DAP
129,59,47,22.6,86.3,11.9,Sandy,Oil seeds,14-35-14
27,33,7,41.9,68.8,40.7,Clayey,Millets,Urea
68,86,100,16.4,17.3,47.3,Clayey,Wheat,28-28
16,132,147,37.1,44.4,24.8,Clayey,Maize,10-26-26
134,27,50,20.2,22.5,43.0,Red,Ground Nuts,DAP
37,110,111,44.0,39.4,48.5,Loamy,Millets,Urea
48,35,125,22.8,20.0,58.0,Loamy,Sugarcane,10-26-26
139,90,1,33.1,64.1,47.4,Loamy,Sugarcane,20-20
9,14,16,42.8,33.3,28.6,Black,Sugarcane,Urea
113,21,157,42.8,72.1,34.8,Red,Ground Nuts,DAP
121,31,118,41.4,36.2,37.2,Clayey,Maize,DAP
125,135,45,36.9,80.8,42.8,Clayey,Paddy,14-35-14
88,21,91,16.3,28.2,16.6,Black,Barley,DAP
49,94,150,40.2,77.0,37.1,Black,Tobacco,10-26-26
117,18,22,35.7,89.1,41.8,Black,Maize,DAP
71,128,107,36.8,99.3,15.0,Loamy,Paddy,DAP
9,127,45,33.5,30.2,27.8,Black,Sugarcane,17-17-17
85,89,57,16.1,78.1,20.1,Red,Oil seeds,14-35-14
120,19,74,37.7,86.4,33.5,Clayey,Sugarcane,DAP
131,110,124,34.3,81.1,20.9,Clayey,Cotton,DAP
53,102,148,15.9,28.4,19.1,Clayey,Paddy,10-26-26
118,70,3,30.3,76.2,15.2,Sandy,Tobacco,DAP
131,119,23,35.3,83.2,23.5,Red,Wheat,28-28
62,109,149,35.9,78.1,59.1,Sandy,Cotton,14-35-14
18,93,182,37.1,34.3,28.6,Red,Paddy,10-26-26
46,56,117,34.3,50.2,41.8,Black,Maize,10-26-26
74,102,136,43.5,31.5,38.3,Red,Ground Nuts,14-35-14
2,106,112,32.6,64.4,44.9,Loamy,Pulses,14-35-14
50,34,45,21.8,46.4,33.1,Clayey,Ground Nuts,DAP
73,4,99,19.0,20.9,46.4,Sandy,Tobacco,DAP
128,23,56,15.2,18.9,21.3,Black,Sugarcane,DAP
35,107,105,23.5,36.5,22.3,Red,Oil seeds,14-35-14
79,143,181,27.9,86.7,23.4,Loamy,Millets,Urea
83,81,106,19.2,59.8,30.6,Black,Tobacco,10-26-26
119,127,141,36.9,98.4,22.8,Loamy,Barley,28-28
48,114,88,43.4,97.2,19.2,Loamy,Cotton,Urea
126,70,85,31.8,59.0,15.7,Clayey,Sugarcane,20-20
42,85,176,31.3,21.0,32.9,Red,Sugarcane,10-26-26
84,4,1,34.9,32.6,14.9,Loamy,Maize,DAP
85,75,87,38.6,23.6,27.8,Clayey,Cotton,14-35-14
31,134,20,19.9,42.4,47.8,Sandy,Cotton,14-35-14
78,115,91,22.7,95.4,38.0,Clayey,Barley,28-28
65,130,199,23.5,47.6,49.9,Sandy,Pulses,14-35-14
22,88,122,26.4,80.7,58.2,Red,Wheat,28-28
73,7,151,25.7,79.1,23.8,Red,Millets,DAP
46,142,175,41.9,58.7,32.4,Sandy,Millets,Urea
108,2,26,23.3,98.6,17.0,Black,Sugarcane,DAP
123,106,100,28.2,66.9,14.2,Clayey,Maize,28-28
138,45,118,44.0,49.9,59.2,Red,Oil seeds,14-35-14
3,101,58,19.9,15.1,38.0,Clayey,Paddy,Urea
125,132,188,25.1,39.5,55.9,Sandy,Tobacco,10-26-26
59,120,138,42.0,70.0,25.7,Black,Barley,28-28
130,75,29,20.2,75.2,51.3,Loamy,Millets,Urea
33,40,50,28.5,78.4,42.6,Black,Paddy,10-26-26
68,107,138,40.3,35.8,11.6,Sandy,Barley,28-28
46,123,0,40.1,38.0,42.1,Loamy,Sugarcane,28-28
46,37,142,21.4,16.9,25.2,Sandy,Pulses,14-35-14
38,136,98,16.8,91.3,42.5,Red,Tobacco,20-20
90,97,119,26.4,33.5,29.1,Black,Ground Nuts,14-35-14
29,77,83,15.5,50.2,11.4,Black,Cotton,20-20
82,109,178,39.8,74.1,52.0,Sandy,Wheat,28-28
123,118,120,23.4,89.1,15.6,Sandy,Wheat,28-28
60,29,8,15.4,54.3,25.1,Clayey,Barley,DAP
77,40,195,16.9,89.4,53.9,Clayey,Ground Nuts,14-35-14
119,126,182,30.9,86.1,24.3,Sandy,Barley,28-28
63,49,148,16.9,85.5,39.9,Black,Cotton,Urea
136,67,34,39.9,89.6,38.6,Clayey,Paddy,17-17-17
75,46,14,33.1,90.8,32.2,Red,Wheat,DAP
50,37,19,38.7,69.0,43.8,Clayey,Millets,Urea
66,85,193,23.1,54.7,59.2,Red,Tobacco,10-26-26
60,11,5,16.4,26.0,23.8,Sandy,Millets,DAP
92,108,98,20.9,66.5,24.0,Sandy,Maize,28-28
140,48,45,16.5,85.7,52.2,Sandy,Millets,Urea
61,105,106,16.3,37.9,50.8,Clayey,Wheat,28-28
16,87,20,25.4,57.6,53.7,Sandy,Maize,28-28
138,76,126,23.2,47.9,31.1,Black,Ground Nuts,14-35-14
108,11,188,24.3,84.8,57.8,Clayey,Millets,DAP
7,90,173,16.5,36.2,13.0,Clayey,Pulses,14-35-14
67,126,163,26.1,24.4,30.9,Loamy,Tobacco,17-17-17
75,121,142,37.5,49.5,42.3,Sandy,Tobacco,10-26-26
50,74,204,15.3,68.7,55.7,Loamy,Pulses,14-35-14
2,83,197,18.6,91.6,13.3,Red,Oil seeds,14-35-14
80,11,162,28.5,21.3,30.0,Loamy,Millets,DAP
61,48,126,25.3,76.7,42.6,Clayey,Paddy,28-28
98,118,72,24.2,81.9,32.3,Black,Paddy,10-26-26
78,40,62,18.0,90.5,10.6,Black,Cotton,14-35-14
123,33,183,20.0,69.5,12.2,Red,Oil seeds,DAP
46,18,156,30.5,46.6,10.3,Sandy,Maize,DAP
48,112,37,40.4,59.7,52.1,Black,Ground Nuts,14-35-14
64,30,131,20.0,97.6,21.4,Red,Millets,DAP
66,74,44,26.5,17.4,11.5,Black,Millets,Urea
49,5,58,19.4,56.0,16.5,Black,Pulses,DAP
36,123,100,29.2,52.2,59.7,Clayey,Pulses,14-35-14
28,76,58,43.8,47.5,29.3,Sandy,Oil seeds,14-35-14
68,48,140,31.3,79.5,51.7,Red,Barley,DAP
41,97,159,36.3,29.2,35.4,Black,Cotton,10-26-26
138,102,67,25.4,63.9,17.0,Red,Paddy,14-35-14
16,98,81,33.7,63.0,41.0,Black,Sugarcane,17-17-17
7,27,4,29.3,60.7,21.4,Clayey,Wheat,Urea
97,10,53,31.0,88.8,16.5,Clayey,Ground Nuts,DAP
4,19,168,41.3,95.2,17.4,Red,Ground Nuts,Urea
47,107,51,40.9,64.6,28.8,Loamy,Cotton,20-20
81,91,178,33.1,64.9,50.3,Sandy,Ground Nuts,14-35-14
71,115,172,28.2,86.8,54.7,Sandy,Cotton,14-35-14
68,12,174,33.8,93.7,11.0,Black,Cotton,DAP
66,53,137,19.0,39.7,27.9,Clayey,Barley,28-28
34,29,56,38.8,99.2,20.0,Sandy,Sugarcane,DAP
64,35,24,34.0,19.9,10.3,Black,Maize,28-28
127,126,0,40.4,66.8,14.4,Clayey,Millets,Urea
98,71,2,34.0,63.6,44.9,Black,Tobacco,17-17-17
101,15,65,17.3,57.1,49.7,Black,Cotton,DAP
65,12,183,23.9,34.0,24.1,Red,Barley,DAP
117,52,38,21.8,69.1,58.9,Black,Millets,Urea
56,24,30,41.7,57.3,32.5,Black,Paddy,DAP
53,51,147,35.5,34.8,45.7,Red,Pulses,14-35-14
78,21,29,30.6,26.3,48.8,Clayey,Tobacco,DAP
118,33,81,39.7,76.1,23.6,Red,Sugarcane,DAP
92,17,95,32.8,91.0,39.2,Sandy,Maize,DAP
133,68,171,37.2,41.2,15.1,Sandy,Millets,Urea
99,81,142,43.3,50.3,28.9,Sandy,Cotton,14-35-14
59,119,182,15.1,28.4,45.7,Red,Millets,Urea
10,16,195,36.1,39.6,15.3,Red,Maize,Urea
139,36,41,18.1,56.9,29.3,Black,Cotton,Urea
104,123,198,38.0,49.8,51.1,Loamy,Cotton,10-26-26
72,53,183,34.4,82.5,47.7,Sandy,Sugarcane,20-20
7,6,35,37.2,41.1,42.2,Sandy,Sugarcane,Urea
53,64,99,17.6,17.7,43.3,Red,Paddy,Urea
52,43,46,40.1,15.3,29.0,Loamy,Barley,DAP
80,99,141,27.4,56.4,30.2,Loamy,Millets,Urea
23,28,170,41.3,17.6,29.9,Red,Barley,Urea
118,15,174,21.6,25.3,52.9,Red,Maize,DAP
133,134,152,38.2,58.5,27.4,Clayey,Barley,28-28
134,110,50,15.7,91.3,49.2,Clayey,Ground Nuts,14-35-14
58,131,103,17.0,33.6,22.3,Clayey,Oil seeds,14-35-14
3,89,103,43.3,81.5,59.6,Red,Wheat,28-28
31,27,21,26.0,33.4,19.8,Black,Sugarcane,DAP
24,137,44,23.3,98.4,36.4,Loamy,Oil seeds,14-35-14
64,48,174,42.5,39.0,33.5,Red,Tobacco,10-26-26
25,113,4,29.9,33.8,12.2,Loamy,Oil seeds,14-35-14
14,60,121,35.4,20.6,23.7,Loamy,Maize,10-26-26
77,45,140,28.8,62.2,53.2,Loamy,Barley,DAP
107,74,76,30.8,47.7,43.0,Red,Millets,Urea
47,63,186,44.4,63.0,23.0,Black,Tobacco,Urea
54,101,117,15.4,15.2,51.5,Black,Sugarcane,17-17-17
97,16,106,26.9,95.9,58.4,Clayey,Ground Nuts,DAP
105,7,95,24.3,34.0,32.9,Clayey,Millets,DAP
83,87,85,40.7,65.9,51.8,Black,Maize,28-28
103,65,54,36.9,22.2,31.4,Clayey,Tobacco,Urea
140,9,8,19.6,99.1,57.7,Red,Cotton,DAP
92,70,66,26.8,78.9,55.9,Sandy,Maize,28-28
89,16,17,44.8,47.2,38.7,Black,Maize,DAP
113,0,57,41.3,97.8,11.4,Red,Sugarcane,DAP
40,104,132,16.1,29.1,53.3,Black,Ground Nuts,14-35-14
67,138,55,32.4,58.4,47.9,Clayey,Oil seeds,14-35-14
46,70,153,41.8,50.1,49.0,Clayey,Cotton,DAP
115,108,135,20.6,42.5,52.8,Loamy,Tobacco,17-17-17
67,121,14,41.4,53.6,14.8,Black,Oil seeds,14-35-14
23,23,3,19.5,89.3,37.0,Clayey,Ground Nuts,Urea
22,108,68,26.8,61.0,36.6,Red,Millets,Urea
56,137,167,21.8,40.2,25.2,Clayey,Barley,28-28
85,46,195,44.0,33.3,43.2,Black,Cotton,10-26-26
140,86,57,24.1,42.0,45.6,Clayey,Oil seeds,14-35-14
125,122,46,39.2,98.7,47.7,Black,Ground Nuts,14-35-14
15,58,30,37.6,15.8,23.5,Clayey,Paddy,20-20
138,9,16,33.0,39.5,45.7,Sandy,Oil seeds,DAP
101,64,190,30.3,45.8,56.6,Clayey,Paddy,DAP
0,121,166,40.5,43.6,11.5,Black,Millets,Urea
69,5,83,44.4,87.7,45.1,Clayey,Oil seeds,DAP
80,14,99,38.6,77.2,29.2,Sandy,Wheat,DAP
115,77,57,33.5,86.5,14.9,Black,Cotton,14-35-14
82,26,79,40.9,29.4,50.0,Sandy,Cotton,DAP
79,122,42,41.0,27.5,25.5,Black,Cotton,10-26-26
56,71,6,24.4,94.4,52.5,Black,Sugarcane,10-26-26
71,123,112,15.6,47.6,19.6,Black,Cotton,28-28
4,56,155,27.1,19.9,49.2,Sandy,Maize,10-26-26
18,122,193,21.2,46.8,59.1,Sandy,Sugarcane,10-26-26
127,53,147,23.3,37.8,31.6,Black,Tobacco,Urea
61,16,65,44.1,23.7,30.2,Loamy,Millets,DAP
70,130,9,30.5,77.7,41.5,Loamy,Paddy,DAP
38,19,40,17.8,65.5,41.2,Loamy,Barley,DAP
33,66,133,22.5,72.1,45.3,Clayey,Sugarcane,20-20
99,58,1,41.0,95.4,15.3,Black,Oil seeds,14-35-14
78,58,149,43.2,14.6,48.6,Clayey,Pulses,14-35-14
24,27,192,15.5,64.1,22.7,Loamy,Tobacco,Urea
128,137,163,36.8,67.1,47.0,Black,Tobacco,10-26-26
73,113,26,28.0,22.0,47.4,Sandy,Barley,28-28
110,14,131,28.0,76.2,10.5,Red,Oil seeds,DAP
16,42,120,35.1,74.3,20.2,Red,Millets,Urea
46,62,109,23.1,35.3,13.1,Red,Paddy,17-17-17
61,57,160,35.2,21.0,57.6,Black,Sugarcane,20-20
37,126,18,29.8,38.4,49.3,Loamy,Pulses,14-35-14
101,64,119,44.6,39.1,48.5,Loamy,Cotton,Urea
133,106,88,25.0,88.4,55.8,Clayey,Oil seeds,14-35-14
81,55,186,28.6,68.2,22.4,Sandy,Paddy,28-28
113,106,36,38.5,50.1,35.0,Loamy,Barley,28-28
3,134,60,29.1,16.4,20.5,Loamy,Ground Nuts,14-35-14
120,128,101,19.8,27.8,13.5,Black,Maize,10-26-26
20,108,46,35.6,23.5,24.5,Red,Pulses,14-35-14
26,55,22,22.6,77.9,13.8,Red,Tobacco,Urea
35,109,176,30.2,94.9,53.8,Clayey,Wheat,28-28
136,5,108,30.1,30.7,52.9,Clayey,Paddy,DAP
75,56,126,33.3,27.8,43.7,Sandy,Pulses,14-35-14
103,84,193,31.0,81.9,24.8,Clayey,Tobacco,10-26-26
125,121,137,34.0,64.1,15.9,Sandy,Barley,28-28
10,46,126,22.0,32.9,58.0,Red,Pulses,14-35-14
136,32,189,41.1,72.4,30.6,Black,Millets,DAP
97,140,128,33.9,59.8,15.8,Sandy,Pulses,14-35-14
63,60,156,28.2,98.3,35.6,Clayey,Maize,10-26-26
48,6,57,30.2,50.1,10.9,Loamy,Paddy,DAP
24,130,28,33.9,73.2,22.7,Black,Maize,28-28
72,119,55,40.1,84.6,52.2,Red,Oil seeds,14-35-14
117,82,146,40.6,89.9,33.3,Red,Cotton,14-35-14
127,47,193,17.0,89.5,29.5,Sandy,Paddy,Urea
78,115,56,44.5,52.7,35.7,Red,Millets,20-20
122,66,82,17.1,76.7,40.4,Clayey,Tobacco,10-26-26
59,115,74,34.7,75.0,10.4,Black,Tobacco,14-35-14
136,91,158,39.1,80.5,37.4,Sandy,Sugarcane,20-20
135,57,100,30.6,44.1,43.9,Red,Oil seeds,14-35-14
98,43,28,26.6,71.0,27.3,Sandy,Tobacco,20-20
130,20,63,38.2,87.3,37.1,Sandy,Pulses,DAP
12,10,53,26.6,64.6,19.3,Red,Pulses,Urea
93,137,43,37.4,62.0,39.2,Loamy,Ground Nuts,14-35-14
114,89,22,34.8,82.5,23.6,Red,Sugarcane,20-20
60,128,172,39.8,53.8,23.9,Sandy,Barley,28-28
134,21,73,34.9,84.1,48.9,Red,Ground Nuts,DAP
100,83,203,19.5,32.7,33.2,Red,Wheat,28-28
95,78,4,33.9,87.8,49.2,Clayey,Barley,28-28
103,76,145,40.3,35.4,38.8,Black,Oil seeds,14-35-14
19,139,42,43.0,82.9,43.7,Black,Barley,28-28
90,94,142,24.1,41.4,58.1,Clayey,Cotton,10-26-26
47,34,85,15.4,79.7,41.2,Black,Ground Nuts,DAP
98,2,196,40.9,64.5,39.0,Black,Tobacco,DAP
73,60,170,32.4,63.0,53.4,Black,Cotton,14-35-14
58,132,50,28.3,56.5,53.1,Red,Sugarcane,DAP
13,31,138,40.0,45.2,53.2,Sandy,Tobacco,Urea
20,132,86,35.7,74.0,42.4,Black,Millets,Urea
63,70,3,27.4,31.6,12.1,Sandy,Cotton,14-35-14
92,141,177,15.6,81.0,40.5,Sandy,Sugarcane,20-20
39,117,19,43.8,60.1,34.4,Red,Ground Nuts,14-35-14
65,35,181,32.5,65.0,27.7,Clayey,Sugarcane,20-20
7,28,39,21.9,92.7,40.8,Red,Barley,Urea
6,44,186,41.6,30.9,46.9,Black,Wheat,DAP
36,118,56,29.0,86.9,13.1,Sandy,Millets,Urea
118,11,176,35.1,90.7,25.3,Clayey,Wheat,DAP
70,107,57,21.9,54.3,23.4,Loamy,Ground Nuts,14-35-14
14,83,130,44.6,28.3,15.7,Red,Pulses,14-35-14
109,135,92,22.0,25.2,22.8,Black,Millets,Urea
25,85,3,19.4,43.5,53.2,Clayey,Tobacco,10-26-26
30,118,10,31.9,83.1,16.9,Loamy,Millets,Urea
111,59,189,41.3,52.0,59.2,Black,Millets,Urea
8,21,140,25.4,61.1,59.6,Loamy,Wheat,Urea
14,62,166,31.9,79.8,57.0,Loamy,Maize,10-26-26
81,76,200,29.8,55.6,51.9,Black,Pulses,14-35-14
47,17,143,24.8,53.0,48.1,Sandy,Wheat,DAP
108,80,133,32.0,63.8,34.5,Clayey,Millets,Urea
38,71,24,37.2,38.0,16.6,Red,Tobacco,28-28
130,95,165,44.1,63.1,17.2,Black,Paddy,17-17-17
130,75,176,36.9,63.3,26.9,Loamy,Cotton,28-28
30,83,126,22.9,14.1,53.5,Sandy,Oil seeds,14-35-14
19,80,181,23.0,61.7,20.0,Sandy,Sugarcane,DAP
108,22,173,33.3,93.5,49.3,Loamy,Millets,DAP
15,118,1,37.8,58.1,45.2,Clayey,Wheat,28-28
93,81,12,35.2,79.6,12.3,Clayey,Sugarcane,20-20
115,142,200,29.0,80.5,16.2,Black,Maize,10-26-26
56,51,136,40.2,27.8,11.2,Sandy,Tobacco,DAP
135,71,154,20.2,46.7,50.1,Red,Oil seeds,14-35-14
102,94,16,21.3,61.9,52.8,Black,Cotton,10-26-26
101,53,199,38.3,34.2,27.3,Loamy,Millets,Urea
62,103,82,34.1,65.4,42.7,Loamy,Cotton,20-20
114,67,176,23.4,96.8,10.5,Clayey,Sugarcane,20-20
82,98,103,24.4,87.1,14.4,Sandy,Maize,10-26-26
113,131,165,16.9,21.9,18.1,Sandy,Millets,Urea
24,33,66,22.4,54.5,43.1,Clayey,Millets,Urea
103,9,66,23.8,23.9,57.1,Red,Pulses,DAP
104,43,25,36.5,87.6,27.8,Black,Maize,28-28
86,111,128,28.2,76.8,57.0,Red,Wheat,28-28
83,115,189,29.6,24.1,44.1,Sandy,Paddy,10-26-26
109,45,24,19.9,24.0,37.3,Loamy,Pulses,14-35-14
111,107,46,15.5,64.0,15.3,Black,Maize,28-28
39,137,88,43.3,21.1,22.7,Black,Cotton,17-17-17
54,36,55,17.8,64.3,21.3,Clayey,Pulses,14-35-14
103,50,29,40.9,33.2,53.7,Loamy,Ground Nuts,14-35-14
124,121,93,22.8,97.4,31.6,Clayey,Ground Nuts,14-35-14
88,75,128,28.7,33.5,40.7,Red,Sugarcane,20-20
78,21,165,41.9,82.3,17.9,Sandy,Maize,DAP
89,140,144,40.0,44.8,55.6,Sandy,Maize,10-26-26
53,26,12,28.8,40.1,56.6,Clayey,Cotton,DAP
57,48,150,30.9,16.8,33.8,Clayey,Barley,DAP
131,16,13,40.3,33.3,22.0,Black,Tobacco,DAP
80,99,162,27.1,85.7,50.7,Black,Cotton,10-26-26
49,64,98,25.6,49.5,43.8,Black,Maize,28-28
39,143,189,19.7,32.9,35.9,Red,Paddy,10-26-26
135,23,14,36.9,96.4,21.0,Black,Sugarcane,DAP
114,102,124,33.9,48.7,47.6,Red,Millets,Urea
59,97,170,41.8,70.6,10.4,Clayey,Paddy,10-26-26
107,3,92,42.5,35.6,52.2,Loamy,Millets,DAP
95,5,111,41.5,62.1,51.4,Loamy,Millets,DAP
95,131,190,26.9,76.6,27.3,Sandy,Ground Nuts,14-35-14
21,111,10,28.6,81.1,59.9,Black,Barley,28-28
17,112,72,20.4,67.6,21.1,Sandy,Wheat,28-28
111,24,73,41.9,21.2,29.7,Sandy,Tobacco,DAP
24,77,98,33.1,28.0,21.7,Sandy,Wheat,28-28
134,125,63,23.3,17.1,56.3,Clayey,Ground Nuts,14-35-14
15,17,186,32.5,15.0,49.4,Black,Ground Nuts,Urea
76,131,129,16.9,60.0,38.3,Red,Pulses,14-35-14
11,140,42,39.2,33.3,21.3,Red,Millets,20-20
35,27,117,25.1,88.9,14.2,Loamy,Paddy,20-20
123,124,36,36.8,55.7,44.7,Clayey,Pulses,14-35-14
105,20,63,23.9,92.3,37.4,Black,Tobacco,DAP
129,15,145,16.7,17.0,29.6,Red,Oil seeds,DAP
140,61,117,22.8,90.2,54.8,Loamy,Wheat,28-28
37,69,115,35.2,85.0,43.7,Sandy,Tobacco,28-28
4,86,125,31.1,21.1,11.7,Loamy,Sugarcane,28-28
41,136,105,30.1,24.1,18.5,Clayey,Sugarcane,10-26-26
84,82,94,29.0,67.3,30.6,Sandy,Cotton,14-35-14
59,16,95,40.5,31.3,56.7,Loamy,Sugarcane,DAP
138,118,84,38.4,15.4,50.9,Sandy,Ground Nuts,14-35-14
91,64,46,21.3,79.8,22.7,Sandy,Maize,28-28
107,18,153,23.6,22.0,58.2,Red,Millets,DAP
26,112,181,33.1,72.7,38.8,Red,Cotton,14-35-14
24,95,124,28.9,95.1,26.2,Red,Tobacco,Urea
46,21,184,40.5,17.9,46.7,Loamy,Barley,DAP
88,65,11,25.0,54.0,10.7,Loamy,Sugarcane,20-20
19,38,59,38.3,71.9,46.2,Loamy,Oil seeds,Urea
129,56,77,26.9,83.3,39.6,Black,Barley,28-28
102,23,148,17.1,21.7,40.0,Clayey,Tobacco,DAP
75,35,172,23.8,59.2,44.9,Loamy,Sugarcane,20-20
95,17,37,23.9,14.1,23.6,Sandy,Tobacco,DAP
103,139,143,42.1,86.0,16.4,Clayey,Ground Nuts,14-35-14
53,43,97,24.5,90.9,42.2,Sandy,Maize,28-28
96,30,98,25.7,35.9,10.6,Black,Ground Nuts,DAP
34,132,200,31.6,83.9,29.2,Clayey,Wheat,28-28
68,88,71,17.8,41.1,14.8,Clayey,Sugarcane,20-20
53,15,98,41.7,53.9,26.0,Black,Ground Nuts,DAP
80,83,69,32.8,73.7,28.2,Sandy,Paddy,28-28
107,108,19,37.6,89.1,35.0,Clayey,Cotton,20-20
140,140,187,38.0,40.4,34.6,Clayey,Ground Nuts,14-35-14
41,89,114,29.4,64.4,37.1,Black,Barley,28-28
38,11,182,22.0,68.8,51.0,Black,Tobacco,DAP
18,133,173,33.0,70.2,17.7,Loamy,Barley,28-28
51,117,174,25.9,69.1,33.3,Black,Cotton,10-26-26
101,109,139,25.8,92.4,11.0,Red,Oil seeds,14-35-14
12,88,124,36.1,42.5,43.8,Sandy,Millets,Urea
10,91,181,31.5,81.9,25.9,Loamy,Maize,10-26-26
25,53,28,25.2,57.5,18.1,Sandy,Ground Nuts,14-35-14
92,78,109,41.5,49.7,29.4,Black,Maize,10-26-26
63,86,6,34.5,96.1,17.6,Red,Paddy,DAP
49,51,160,18.8,47.7,18.1,Clayey,Oil seeds,14-35-14
3,0,70,32.9,89.0,38.8,Red,Maize,Urea
35,122,42,32.0,92.1,29.8,Black,Millets,Urea
30,3,164,17.4,94.8,47.8,Black,Cotton,10-26-26
29,21,202,38.7,92.8,28.0,Red,Oil seeds,Urea
0,126,185,44.6,42.0,29.7,Clayey,Pulses,14-35-14
100,145,94,44.9,14.9,54.8,Black,Millets,Urea
136,75,28,23.4,25.4,32.0,Black,Barley,28-28
17,2,134,42.1,47.0,20.8,Clayey,Tobacco,Urea
94,121,10,39.8,64.6,27.7,Red,Maize,28-28
126,133,169,38.5,65.5,30.7,Loamy,Millets,20-20
118,8,185,20.5,19.1,40.2,Red,Wheat,DAP
73,38,121,17.4,52.0,18.2,Clayey,Pulses,14-35-14
91,28,34,16.5,48.2,35.6,Loamy,Cotton,DAP
135,7,121,19.4,57.5,13.1,Black,Cotton,DAP
8,59,77,43.8,18.2,14.9,Clayey,Millets,Urea
0,9,109,28.6,52.8,56.8,Sandy,Oil seeds,Urea
111,77,168,20.0,19.1,44.5,Sandy,Oil seeds,14-35-14
24,17,189,26.5,61.7,13.8,Black,Paddy,Urea
55,110,136,27.5,16.1,26.8,Red,Oil seeds,14-35-14
66,135,5,36.9,41.1,29.7,Loamy,Oil seeds,14-35-14
117,81,110,21.2,64.5,15.6,Sandy,Paddy,10-26-26
34,52,25,41.2,85.4,21.2,Sandy,Sugarcane,Urea
118,18,81,39.3,37.4,46.6,Black,Maize,DAP
27,122,179,41.0,19.1,44.6,Black,Maize,10-26-26
79,37,76,33.6,62.9,13.0,Black,Sugarcane,20-20
45,71,182,43.5,89.6,55.4,Red,Cotton,14-35-14
64,133,150,24.1,76.9,45.0,Sandy,Oil seeds,14-35-14
86,56,102,31.6,63.0,20.5,Loamy,Ground Nuts,14-35-14
134,49,175,31.9,36.5,44.7,Black,Cotton,17-17-17
89,39,111,18.9,51.9,25.9,Clayey,Oil seeds,14-35-14
91,144,27,30.4,38.8,10.3,Clayey,Barley,28-28
37,133,172,24.6,23.0,16.4,Black,Barley,28-28
18,145,191,31.5,49.0,36.1,Black,Paddy,10-26-26
125,88,143,32.9,83.7,31.5,Sandy,Tobacco,10-26-26
72,128,41,20.4,37.1,19.9,Black,Barley,28-28
33,88,124,32.8,64.7,13.4,Loamy,Wheat,28-28
38,30,9,30.5,32.4,24.2,Black,Oil seeds,DAP
72,14,3,34.5,71.5,49.9,Clayey,Tobacco,DAP
15,142,98,31.7,74.8,43.1,Sandy,Tobacco,10-26-26
92,12,3,44.9,75.9,24.4,Loamy,Sugarcane,DAP
109,8,116,15.0,91.7,11.2,Black,Millets,DAP
11,36,73,42.4,17.5,35.6,Clayey,Tobacco,Urea
22,102,39,39.1,21.2,29.3,Red,Barley,28-28
88,30,177,24.9,18.7,19.1,Black,Pulses,DAP
121,102,105,36.8,45.6,17.4,Clayey,Oil seeds,14-35-14
68,58,187,23.1,31.1,49.2,Red,Ground Nuts,14-35-14
67,14,182,38.0,26.3,42.9,Sandy,Millets,DAP
48,143,110,23.0,83.9,14.1,Black,Tobacco,28-28
16,6,154,38.6,37.5,55.6,Loamy,Cotton,Urea
125,80,173,34.4,57.9,16.0,Clayey,Sugarcane,20-20
130,74,165,15.2,52.3,14.2,Red,Sugarcane,20-20
71,19,111,24.4,87.8,16.6,Black,Barley,DAP
55,34,122,34.2,40.4,53.0,Clayey,Maize,DAP
86,40,122,40.1,61.2,19.5,Black,Maize,10-26-26
126,132,47,39.9,75.0,15.3,Clayey,Tobacco,28-28
23,115,150,33.4,40.3,26.3,Red,Maize,10-26-26
14,49,35,22.0,73.8,41.5,Black,Barley,DAP
95,115,12,44.3,45.7,27.9,Loamy,Oil seeds,14-35-14
97,81,198,41.4,57.5,35.4,Clayey,Oil seeds,14-35-14
53,129,100,34.9,65.2,30.8,Black,Barley,28-28
21,34,15,40.6,71.9,16.9,Clayey,Paddy,Urea
131,84,166,24.6,65.3,59.8,Loamy,Pulses,14-35-14
15,50,104,32.1,55.2,53.1,Clayey,Paddy,DAP
99,85,63,23.4,84.7,47.6,Black,Oil seeds,14-35-14
17,70,192,22.0,74.7,25.4,Sandy,Ground Nuts,14-35-14
58,31,160,36.6,23.5,11.8,Black,Sugarcane,DAP
86,113,105,23.2,67.7,14.1,Loamy,Barley,28-28
112,38,188,30.3,88.1,53.3,Clayey,Barley,DAP
97,57,195,44.7,55.6,59.3,Loamy,Cotton,20-20
67,48,51,40.9,37.0,36.7,Loamy,Barley,DAP
75,41,178,18.7,15.6,55.2,Black,Oil seeds,14-35-14
112,23,127,17.0,30.1,37.8,Sandy,Ground Nuts,DAP
98,61,29,28.2,98.1,50.4,Red,Wheat,28-28
41,97,192,43.6,19.2,24.9,Sandy,Cotton,14-35-14
109,21,194,34.0,24.7,13.5,Sandy,Maize,DAP
124,128,51,40.9,24.2,18.6,Loamy,Cotton,Urea
15,122,60,29.5,32.3,15.8,Clayey,Ground Nuts,14-35-14
16,120,186,41.6,31.1,24.2,Loamy,Tobacco,17-17-17
77,15,70,32.8,74.3,19.7,Clayey,Sugarcane,DAP
139,69,149,37.2,69.5,17.8,Clayey,Maize,10-26-26
133,44,96,16.2,37.6,57.8,Loamy,Paddy,28-28
96,35,108,40.6,24.0,45.3,Loamy,Ground Nuts,14-35-14
96,79,86,33.6,55.1,33.9,Loamy,Sugarcane,20-20
86,33,96,43.1,92.9,54.4,Black,Cotton,DAP
134,104,0,31.9,71.7,56.3,Black,Sugarcane,20-20
125,96,73,44.0,70.6,38.2,Loamy,Pulses,14-35-14
31,14,61,39.7,31.6,33.5,Sandy,Millets,20-20
113,12,14,21.0,49.5,13.6,Red,Sugarcane,DAP
73,24,100,25.8,21.5,20.1,Sandy,Pulses,DAP
56,129,95,29.5,24.6,25.4,Sandy,Millets,20-20
111,93,167,36.4,34.7,32.2,Loamy,Paddy,10-26-26
108,144,17,36.9,39.9,40.0,Loamy,Millets,Urea
131,81,147,32.5,63.8,12.7,Clayey,Maize,10-26-26
18,89,179,29.6,73.5,23.1,Red,Ground Nuts,14-35-14
130,41,18,32.1,79.5,50.6,Loamy,Maize,28-28
48,54,153,25.9,82.3,57.0,Black,Cotton,10-26-26
53,61,128,16.5,48.6,43.7,Clayey,Tobacco,DAP
91,133,143,29.4,70.9,21.0,Clayey,Millets,Urea
25,120,44,26.4,23.1,36.6,Sandy,Wheat,28-28
1,141,107,29.3,91.2,36.3,Black,Pulses,14-35-14
25,47,167,16.2,98.0,22.1,Loamy,Millets,Urea
19,45,130,29.8,74.3,52.8,Red,Sugarcane,20-20
43,133,204,41.9,24.3,26.4,Loamy,Cotton,10-26-26
50,70,47,32.5,31.8,52.6,Clayey,Ground Nuts,14-35-14
68,10,142,27.9,28.2,45.3,Black,Paddy,DAP
14,130,92,23.6,58.6,47.4,Sandy,Paddy,Urea
124,34,118,43.6,75.9,56.5,Loamy,Ground Nuts,DAP
9,121,144,18.6,40.0,36.6,Loamy,Wheat,28-28
140,97,105,36.4,91.3,39.1,Red,Wheat,28-28
11,80,73,32.8,30.5,43.3,Loamy,Cotton,10-26-26
72,1,7,23.4,25.7,46.4,Red,Oil seeds,DAP
111,7,35,17.5,51.5,42.9,Red,Paddy,DAP
85,49,166,41.8,47.4,24.4,Loamy,Barley,DAP
43,85,43,40.6,17.5,12.5,Clayey,Pulses,14-35-14
37,50,9,35.2,43.0,19.0,Loamy,Cotton,Urea
17,56,95,40.4,23.8,22.8,Sandy,Wheat,28-28
31,25,24,18.6,17.1,12.6,Red,Oil seeds,14-35-14
30,63,198,28.1,86.6,23.1,Clayey,Wheat,28-28
83,34,178,32.3,63.1,26.6,Clayey,Maize,DAP
29,52,137,27.1,99.4,53.4,Clayey,Millets,Urea
39,88,67,40.4,72.9,24.5,Clayey,Maize,28-28
53,64,139,42.7,18.8,34.3,Black,Pulses,14-35-14
12,82,28,21.6,58.3,15.1,Clayey,Oil seeds,14-35-14
107,81,76,40.8,73.8,10.5,Black,Sugarcane,20-20
87,15,150,32.5,79.9,30.3,Loamy,Wheat,DAP
4,73,51,33.7,25.3,25.5,Clayey,Paddy,DAP
98,142,84,26.2,32.0,44.8,Red,Millets,20-20
84,122,143,25.3,98.8,51.9,Clayey,Wheat,28-28
43,139,89,39.5,90.1,14.3,Loamy,Paddy,28-28
27,55,98,19.0,94.4,47.6,Red,Paddy,DAP
41,67,180,25.0,74.3,48.3,Black,Pulses,14-35-14
120,142,165,24.3,48.3,22.1,Loamy,Cotton,10-26-26
3,94,145,16.4,43.1,30.3,Red,Pulses,14-35-14
100,8,60,40.5,77.7,37.1,Red,Sugarcane,DAP
104,3,92,33.2,52.2,47.1,Loamy,Oil seeds,DAP
115,68,97,29.2,28.4,27.7,Red,Pulses,14-35-14
87,89,48,25.2,82.4,13.9,Black,Ground Nuts,14-35-14
67,129,48,35.8,70.9,11.9,Sandy,Ground Nuts,14-35-14
42,97,182,42.3,75.7,39.1,Black,Millets,20-20
112,85,113,40.9,55.3,13.4,Red,Ground Nuts,14-35-14
55,94,43,21.1,85.1,37.9,Clayey,Wheat,28-28
15,144,36,40.7,40.2,19.6,Red,Wheat,28-28
51,18,108,21.0,14.8,13.8,Red,Tobacco,DAP
68,54,9,28.7,42.3,12.6,Loamy,Ground Nuts,14-35-14
9,101,187,36.2,58.9,16.2,Loamy,Pulses,14-35-14
29,48,8,16.4,15.7,19.4,Clayey,Maize,17-17-17
39,62,146,38.5,14.9,48.1,Clayey,Tobacco,Urea
35,121,107,26.7,90.3,54.7,Sandy,Ground Nuts,14-35-14
20,91,126,16.7,94.1,12.5,Black,Pulses,14-35-14
4,119,20,32.4,38.3,24.0,Sandy,Barley,28-28
130,20,39,19.6,51.8,35.5,Sandy,Maize,DAP
108,97,183,44.0,95.2,26.7,Red,Wheat,28-28
80,65,18,43.5,21.9,18.1,Sandy,Maize,28-28
19,72,16,15.7,59.9,44.4,Black,Pulses,14-35-14
68,116,198,31.0,48.9,18.5,Sandy,Cotton,14-35-14
28,50,151,35.8,58.3,59.5,Sandy,Barley,28-28
29,87,202,20.1,47.1,27.3,Sandy,Sugarcane,10-26-26
26,108,75,36.2,30.1,47.5,Red,Oil seeds,14-35-14
58,95,189,20.5,58.1,52.2,Black,Pulses,14-35-14
17,81,171,28.5,93.6,43.0,Red,Ground Nuts,14-35-14
37,136,200,22.3,97.1,57.9,Loamy,Tobacco,17-17-17
3,22,47,37.1,18.4,12.5,Red,Paddy,Urea
0,134,184,16.4,95.6,45.6,Sandy,Millets,Urea
73,107,121,38.6,48.8,10.1,Loamy,Wheat,28-28
118,44,57,23.3,48.0,44.4,Red,Cotton,14-35-14
100,2,85,43.6,20.2,20.0,Loamy,Barley,DAP
119,65,3,17.7,75.5,23.6,Clayey,Maize,28-28
136,20,23,41.0,89.0,30.9,Clayey,Cotton,DAP
100,53,34,23.0,57.5,48.9,Sandy,Tobacco,28-28
98,80,1,15.3,49.2,26.5,Sandy,Ground Nuts,14-35-14
21,110,106,39.3,39.3,32.3,Black,Ground Nuts,14-35-14
83,102,38,16.6,23.0,38.4,Clayey,Millets,Urea
56,39,117,32.0,37.6,33.7,Sandy,Pulses,14-35-14
10,125,70,20.2,61.0,45.7,Loamy,Paddy,14-35-14
70,65,69,20.5,57.4,26.1,Black,Millets,Urea
38,144,44,41.0,74.9,15.3,Red,Oil seeds,14-35-14
83,88,78,34.3,85.8,38.9,Loamy,Barley,28-28
21,113,132,16.0,69.0,14.1,Sandy,Tobacco,20-20
78,122,175,45.0,32.9,15.2,Loamy,Cotton,10-26-26
97,1,93,35.0,37.0,55.5,Black,Barley,DAP
23,90,93,18.4,18.2,22.9,Clayey,Paddy,DAP
37,52,142,28.6,57.6,38.6,Black,Paddy,10-26-26
38,3,125,22.9,38.0,56.5,Clayey,Barley,DAP
20,38,101,44.3,19.6,51.1,Loamy,Maize,Urea
98,34,158,22.7,80.0,47.6,Black,Sugarcane,DAP
50,129,125,36.0,53.5,12.8,Black,Tobacco,DAP
9,113,75,26.9,94.1,26.9,Red,Sugarcane,Urea
132,89,25,24.5,24.8,42.8,Loamy,Cotton,Urea
46,94,12,28.5,53.5,13.8,Black,Paddy,10-26-26
61,101,173,43.1,44.3,32.3,Loamy,Barley,28-28
114,84,191,36.6,58.2,40.3,Clayey,Wheat,28-28
92,8,14,35.5,78.8,46.4,Sandy,Sugarcane,DAP
108,117,36,16.7,64.6,52.0,Red,Tobacco,20-20
72,90,204,15.8,77.2,41.3,Clayey,Barley,28-28
132,41,134,35.7,38.4,44.7,Clayey,Millets,Urea
128,86,73,30.4,43.5,26.4,Clayey,Oil seeds,14-35-14
57,69,52,38.4,74.5,51.7,Clayey,Barley,28-28
102,23,111,24.0,15.6,31.6,Clayey,Barley,DAP
104,2,45,38.2,32.7,41.1,Red,Paddy,DAP
23,34,23,30.0,92.4,17.3,Clayey,Pulses,Urea
14,10,192,37.6,40.6,32.4,Black,Maize,Urea
137,74,102,42.2,18.8,51.7,Clayey,Cotton,10-26-26
6,48,25,20.9,95.5,20.3,Red,Cotton,14-35-14
19,116,163,20.7,58.8,33.5,Red,Wheat,28-28
79,57,82,38.9,26.2,16.5,Red,Cotton,14-35-14
115,100,180,31.3,21.5,21.8,Clayey,Ground Nuts,14-35-14
21,65,20,21.5,18.7,10.9,Loamy,Sugarcane,17-17-17
84,16,79,30.3,26.1,31.2,Loamy,Barley,DAP
1,141,58,35.6,33.5,16.6,Clayey,Maize,28-28
1,40,122,42.3,46.9,41.5,Red,Cotton,14-35-14
98,132,80,18.0,52.6,57.0,Red,Wheat,28-28
105,136,176,22.6,19.8,23.4,Clayey,Paddy,10-26-26
124,113,205,25.5,41.2,49.6,Clayey,Oil seeds,14-35-14
74,13,130,27.2,65.3,15.4,Loamy,Tobacco,DAP
19,57,111,45.0,32.2,23.3,Loamy,Pulses,14-35-14
51,36,7,30.1,82.4,16.8,Red,Maize,28-28
31,32,125,30.7,32.3,49.1,Loamy,Oil seeds,14-35-14
29,136,153,27.0,50.0,35.7,Sandy,Pulses,14-35-14
43,54,136,15.6,26.4,42.9,Clayey,Cotton,10-26-26
76,109,68,28.4,74.9,46.6,Loamy,Sugarcane,20-20
29,70,197,32.5,39.8,11.7,Sandy,Ground Nuts,14-35-14
42,48,41,39.4,75.5,22.4,Clayey,Oil seeds,14-35-14
84,99,103,15.9,69.4,23.9,Loamy,Sugarcane,20-20
124,123,29,30.2,28.0,58.0,Black,Sugarcane,20-20
18,4,74,37.9,26.4,10.4,Sandy,Tobacco,Urea
26,82,127,21.0,78.5,47.3,Loamy,Millets,Urea
96,110,15,39.4,64.6,20.5,Black,Paddy,17-17-17
25,132,21,37.2,16.5,37.1,Clayey,Paddy,Urea
116,29,25,25.8,99.6,34.0,Loamy,Ground Nuts,DAP
129,112,133,39.0,52.8,45.9,Sandy,Maize,10-26-26
71,73,16,28.9,35.1,55.7,Sandy,Ground Nuts,14-35-14
139,98,141,31.3,25.1,28.8,Loamy,Barley,28-28
140,137,182,21.6,28.2,30.3,Sandy,Sugarcane,20-20
33,34,130,17.5,98.7,43.3,Black,Sugarcane,Urea
102,72,115,43.9,96.9,24.5,Black,Cotton,28-28
90,91,62,27.4,22.6,35.5,Sandy,Paddy,17-17-17
99,138,57,21.4,34.6,24.1,Black,Millets,Urea
42,73,176,44.0,43.4,26.9,Sandy,Pulses,14-35-14
30,114,25,44.4,69.9,47.1,Loamy,Wheat,28-28
66,89,145,26.1,80.2,50.5,Clayey,Maize,10-26-26
105,122,197,30.6,17.2,14.0,Black,Paddy,10-26-26
130,75,203,21.5,60.6,58.4,Loamy,Ground Nuts,14-35-14
84,10,68,16.5,26.9,36.9,Sandy,Paddy,DAP
114,30,10,19.3,15.2,38.3,Clayey,Maize,DAP
102,100,20,25.3,96.0,55.2,Loamy,Cotton,28-28
24,129,120,38.0,55.7,17.5,Red,Barley,28-28
50,4,12,21.4,66.3,14.2,Sandy,Maize,DAP
93,4,21,23.0,16.7,16.0,Red,Cotton,DAP
68,103,160,19.0,61.0,37.3,Red,Paddy,10-26-26
75,108,38,43.9,92.9,48.2,Red,Sugarcane,20-20
127,76,187,25.7,81.8,21.7,Loamy,Oil seeds,14-35-14
73,23,48,26.6,49.9,12.2,Sandy,Paddy,DAP
28,13,78,30.2,84.1,56.8,Black,Wheat,Urea
92,19,157,40.4,56.4,33.6,Black,Oil seeds,DAP
17,72,160,43.0,76.4,55.9,Sandy,Wheat,28-28
119,100,33,25.0,23.2,21.9,Black,Barley,28-28
90,143,188,28.8,40.4,11.8,Black,Paddy,17-17-17
34,20,177,24.9,37.9,19.2,Red,Pulses,14-35-14
65,136,91,34.9,34.4,34.5,Black,Barley,28-28
54,0,100,21.1,77.8,12.6,Sandy,Wheat,DAP
45,121,30,24.6,91.9,16.3,Sandy,Pulses,14-35-14
23,108,190,44.3,46.4,56.2,Red,Maize,10-26-26
36,25,136,34.8,99.1,23.3,Loamy,Sugarcane,DAP
52,91,98,26.5,86.0,53.3,Black,Pulses,14-35-14
86,139,14,23.5,46.3,47.8,Red,Wheat,28-28
107,129,83,18.1,49.3,56.7,Black,Sugarcane,20-20
89,114,74,29.1,98.4,47.0,Black,Wheat,28-28
17,49,141,29.6,67.8,57.3,Clayey,Ground Nuts,14-35-14
77,74,38,21.1,78.1,59.8,Clayey,Cotton,20-20
115,49,150,26.2,35.9,34.4,Red,Paddy,Urea
100,145,96,28.8,38.0,28.5,Black,Oil seeds,14-35-14
139,99,11,20.9,41.4,39.7,Black,Sugarcane,20-20
69,114,87,19.1,26.5,44.9,Red,Maize,28-28
46,23,64,42.6,22.1,57.8,Loamy,Millets,DAP
138,115,92,42.8,55.6,25.8,Red,Millets,20-20
117,52,199,22.3,94.1,15.2,Loamy,Millets,Urea
36,6,126,27.2,83.6,29.0,Loamy,Millets,DAP
131,107,111,30.1,56.4,10.2,Loamy,Paddy,28-28
82,123,138,27.6,47.6,43.3,Loamy,Pulses,14-35-14
105,57,8,37.7,66.2,18.3,Loamy,Wheat,28-28
115,77,107,31.7,90.7,24.4,Sandy,Pulses,14-35-14
67,27,122,40.1,32.5,16.0,Loamy,Ground Nuts,DAP
100,104,202,42.1,18.4,53.2,Black,Barley,28-28
122,1,200,34.9,52.9,51.8,Red,Ground Nuts,DAP
96,110,5,20.8,85.1,38.1,Clayey,Wheat,28-28
32,39,31,41.0,51.2,58.3,Sandy,Ground Nuts,14-35-14
119,86,162,43.9,75.7,59.6,Sandy,Sugarcane,20-20
66,45,21,38.5,52.1,34.3,Sandy,Sugarcane,20-20
91,39,33,30.8,83.6,28.1,Clayey,Maize,28-28
8,32,187,20.8,62.3,25.7,Clayey,Tobacco,Urea
5,114,120,25.8,20.6,31.3,Loamy,Paddy,DAP
138,11,137,16.6,17.2,45.9,Sandy,Oil seeds,DAP
38,52,205,37.3,28.5,19.5,Red,Barley,28-28
29,11,34,34.4,70.0,51.2,Clayey,Tobacco,Urea
79,134,21,27.4,74.0,23.4,Red,Tobacco,14-35-14
6,127,54,38.3,52.4,32.4,Red,Wheat,28-28
97,76,182,21.3,87.0,55.3,Sandy,Oil seeds,14-35-14
92,113,27,39.0,68.4,35.2,Clayey,Sugarcane,20-20
139,100,200,20.8,66.1,43.9,Red,Maize,10-26-26
84,108,30,43.4,18.6,15.3,Clayey,Oil seeds,14-35-14
114,98,46,28.8,68.1,37.9,Sandy,Ground Nuts,14-35-14
118,85,125,34.5,76.5,41.7,Clayey,Wheat,28-28
111,125,154,24.9,51.9,52.8,Loamy,Maize,10-26-26
113,19,15,16.8,90.4,26.5,Black,Maize,DAP
92,104,99,16.4,44.3,52.8,Clayey,Barley,28-28
139,95,88,37.1,82.6,23.5,Sandy,Maize,28-28
61,143,135,38.5,56.4,19.0,Red,Ground Nuts,14-35-14
120,75,91,33.5,71.3,28.9,Loamy,Ground Nuts,14-35-14
45,21,191,22.6,70.5,19.9,Black,Pulses,DAP
74,117,103,27.9,38.8,40.2,Loamy,Paddy,DAP
112,61,22,42.2,30.4,40.8,Loamy,Wheat,28-28
112,43,127,35.6,95.6,23.4,Black,Cotton,28-28
107,61,58,43.4,76.5,21.0,Clayey,Sugarcane,20-20
33,100,144,18.5,59.4,16.3,Black,Ground Nuts,14-35-14
81,63,82,44.1,23.7,23.4,Black,Cotton,28-28
112,139,137,36.2,34.5,29.4,Sandy,Ground Nuts,14-35-14
115,23,54,15.8,33.1,49.0,Clayey,Paddy,DAP
121,23,10,16.1,70.6,24.3,Sandy,Wheat,DAP
22,82,166,21.2,89.2,11.5,Clayey,Oil seeds,14-35-14
127,140,30,36.8,98.3,17.8,Clayey,Ground Nuts,14-35-14
74,28,193,43.8,72.1,55.4,Red,Wheat,DAP
123,18,198,26.0,86.4,37.7,Red,Paddy,DAP
25,70,102,41.0,57.0,13.1,Clayey,Ground Nuts,14-35-14
67,69,112,31.8,42.9,36.0,Black,Sugarcane,20-20
126,114,5,19.3,52.0,26.7,Sandy,Oil seeds,14-35-14
51,30,144,16.6,78.9,57.8,Red,Paddy,DAP
85,1,85,19.6,44.6,44.9,Sandy,Paddy,DAP
88,13,55,41.4,20.7,45.3,Clayey,Barley,DAP
7,87,130,41.5,95.0,47.0,Red,Millets,Urea
90,140,32,23.6,35.5,27.8,Sandy,Sugarcane,20-20
114,62,112,37.5,37.4,15.9,Black,Millets,Urea
39,84,56,43.3,32.3,36.0,Sandy,Ground Nuts,14-35-14
73,106,123,31.1,94.5,25.4,Loamy,Sugarcane,20-20
36,133,64,18.1,76.7,20.0,Black,Wheat,28-28
101,105,192,39.6,28.8,50.4,Black,Pulses,14-35-14
38,138,35,19.2,71.3,36.2,Red,Ground Nuts,14-35-14
127,30,54,22.7,49.0,43.9,Sandy,Pulses,DAP
66,55,62,29.9,36.6,46.2,Black,Cotton,20-20
70,142,145,28.1,49.2,31.4,Loamy,Oil seeds,14-35-14
42,70,165,17.0,76.7,38.0,Loamy,Tobacco,17-17-17
129,60,148,37.7,42.6,47.2,Sandy,Millets,Urea
23,94,54,40.8,68.5,22.7,Red,Maize,28-28
79,64,74,40.9,40.6,44.7,Loamy,Pulses,14-35-14
28,130,137,38.7,32.7,43.9,Loamy,Pulses,14-35-14
114,128,55,33.3,46.9,25.2,Loamy,Pulses,14-35-14
90,136,21,28.8,84.3,56.5,Red,Millets,Urea
44,136,104,28.2,32.8,16.5,Red,Tobacco,10-26-26
47,125,6,29.1,64.9,54.3,Black,Oil seeds,14-35-14
124,80,191,17.7,43.0,14.5,Black,Wheat,28-28
29,19,187,21.7,94.3,27.2,Loamy,Maize,Urea
131,76,88,20.3,90.4,32.1,Clayey,Tobacco,Urea
27,34,124,37.1,89.9,31.7,Black,Pulses,Urea
68,104,149,30.5,64.5,18.7,Sandy,Cotton,14-35-14
104,133,118,42.5,54.0,13.2,Black,Oil seeds,14-35-14
69,36,30,44.2,60.8,38.0,Black,Maize,28-28
78,7,153,23.6,58.0,50.3,Red,Tobacco,DAP
50,103,169,15.5,40.9,39.4,Red,Barley,28-28
0,38,20,30.1,41.2,46.5,Loamy,Wheat,Urea
33,123,109,40.5,61.3,51.3,Sandy,Pulses,14-35-14
64,76,0,35.7,36.3,22.7,Red,Barley,28-28
106,144,112,18.0,63.9,41.4,Clayey,Wheat,28-28
122,63,30,39.5,96.4,51.2,Clayey,Cotton,17-17-17
29,144,202,38.9,55.0,16.5,Loamy,Ground Nuts,14-35-14
53,121,24,32.9,83.6,50.0,Red,Tobacco,DAP
93,21,69,22.0,19.2,35.9,Loamy,Ground Nuts,DAP
71,49,140,26.6,41.8,56.8,Clayey,Maize,10-26-26
122,138,116,23.7,64.4,39.6,Loamy,Paddy,DAP
109,114,158,27.5,52.6,40.0,Loamy,Pulses,14-35-14
110,111,102,42.3,81.2,11.0,Loamy,Tobacco,17-17-17
103,74,127,26.1,33.4,53.6,Sandy,Ground Nuts,14-35-14
22,46,12,24.4,40.4,17.6,Loamy,Pulses,14-35-14
30,84,159,25.2,87.6,31.7,Sandy,Cotton,14-35-14
104,73,182,31.1,87.5,10.2,Loamy,Sugarcane,20-20
44,144,162,30.3,53.6,55.0,Red,Barley,28-28
13,53,30,39.2,14.3,26.0,Red,Sugarcane,20-20
18,135,2,22.9,18.5,21.5,Clayey,Oil seeds,14-35-14
8,93,148,17.1,19.0,56.4,Black,Maize,10-26-26
135,3,154,30.9,22.5,50.6,Black,Paddy,DAP
83,67,138,16.2,48.7,42.5,Clayey,Ground Nuts,14-35-14
76,38,57,18.9,95.5,33.8,Loamy,Pulses,14-35-14
65,9,125,24.3,83.8,53.4,Red,Pulses,DAP
140,46,111,38.7,34.9,55.4,Sandy,Tobacco,28-28
11,83,15,34.2,49.6,24.6,Clayey,Cotton,20-20
50,32,29,43.6,69.2,24.9,Sandy,Ground Nuts,DAP
44,61,198,18.4,20.5,38.9,Sandy,Wheat,28-28
74,51,181,19.0,71.8,35.4,Sandy,Millets,20-20
97,56,86,41.3,17.5,50.2,Sandy,Oil seeds,14-35-14
115,60,14,25.5,73.7,18.0,Clayey,Barley,28-28
104,81,66,36.2,84.6,21.8,Loamy,Tobacco,17-17-17
112,132,70,35.7,47.3,27.3,Black,Oil seeds,14-35-14
19,130,72,39.2,38.1,19.6,Red,Paddy,10-26-26
8,12,155,17.2,90.9,21.4,Clayey,Ground Nuts,Urea
50,136,140,33.1,56.4,12.0,Sandy,Tobacco,20-20
127,104,9,22.8,68.7,32.7,Sandy,Tobacco,14-35-14
62,83,24,38.5,48.0,42.3,Red,Sugarcane,20-20
98,115,95,15.6,31.6,34.4,Sandy,Sugarcane,20-20
132,104,146,29.5,56.2,16.0,Clayey,Millets,20-20
88,143,89,23.5,51.5,41.7,Loamy,Maize,28-28
71,129,26,42.7,58.9,10.7,Black,Wheat,28-28
116,105,92,20.5,63.4,41.9,Red,Wheat,28-28
80,102,191,38.0,51.2,34.2,Loamy,Maize,10-26-26
87,10,186,23.5,17.3,59.7,Clayey,Cotton,DAP
127,27,64,18.8,44.7,39.6,Red,Oil seeds,DAP
69,103,203,21.0,96.5,40.7,Sandy,Sugarcane,20-20
104,9,9,41.4,49.8,46.0,Loamy,Tobacco,DAP
42,51,100,42.2,83.2,13.3,Black,Wheat,28-28
91,22,190,38.2,56.3,49.2,Clayey,Pulses,DAP
15,21,56,24.7,95.3,24.1,Loamy,Cotton,Urea
56,108,8,44.5,77.3,48.7,Loamy,Pulses,14-35-14
20,63,94,22.9,94.3,46.0,Sandy,Cotton,14-35-14
96,31,179,34.7,34.6,24.0,Clayey,Millets,DAP
106,125,14,36.9,38.7,46.9,Black,Sugarcane,20-20
91,124,178,36.3,18.5,53.0,Loamy,Barley,28-28
87,12,42,41.6,46.5,47.5,Red,Barley,DAP
119,81,99,30.0,34.1,30.5,Loamy,Cotton,17-17-17
73,66,110,20.3,26.5,22.7,Clayey,Ground Nuts,14-35-14
26,88,145,30.1,29.2,50.6,Black,Millets,Urea
50,14,7,23.0,77.2,41.8,Clayey,Oil seeds,DAP
101,77,176,43.0,29.8,22.6,Loamy,Wheat,28-28
30,22,47,17.1,87.5,49.1,Black,Wheat,DAP
68,56,16,43.1,92.5,57.3,Black,Ground Nuts,14-35-14
108,89,85,22.7,87.8,37.3,Red,Ground Nuts,14-35-14
42,92,102,16.4,60.8,26.9,Loamy,Maize,10-26-26
117,13,185,37.6,97.3,49.0,Black,Oil seeds,DAP
113,23,154,39.8,18.8,34.0,Red,Wheat,DAP
119,3,156,28.2,85.7,56.5,Sandy,Pulses,DAP
61,80,163,44.5,98.5,56.2,Loamy,Ground Nuts,14-35-14
69,128,117,27.3,42.1,47.2,Black,Oil seeds,14-35-14
113,127,174,41.9,24.8,16.2,Black,Paddy,17-17-17
80,59,140,37.8,66.1,38.5,Loamy,Pulses,14-35-14
58,100,126,39.7,87.7,56.4,Clayey,Pulses,14-35-14
11,68,133,18.2,56.4,18.0,Sandy,Maize,10-26-26
48,59,156,44.0,82.9,41.5,Black,Pulses,14-35-14
16,48,75,17.2,36.1,45.7,Clayey,Tobacco,DAP
36,45,169,30.8,40.1,28.1,Sandy,Tobacco,20-20
117,79,93,18.6,41.6,53.4,Clayey,Millets,Urea
60,14,93,39.4,77.9,43.1,Red,Oil seeds,DAP
45,31,159,40.8,95.0,35.9,Red,Ground Nuts,DAP
79,134,3,23.1,70.3,36.7,Loamy,Paddy,28-28
74,104,149,35.3,80.9,37.8,Sandy,Tobacco,10-26-26
131,79,79,44.5,20.5,43.9,Black,Maize,28-28
118,57,62,36.1,53.0,37.0,Clayey,Maize,28-28
84,136,204,30.4,23.1,44.7,Loamy,Paddy,10-26-26
71,125,169,24.0,36.6,18.2,Red,Pulses,14-35-14
18,6,136,35.5,57.2,48.9,Clayey,Tobacco,Urea
30,32,205,44.3,38.6,31.2,Loamy,Wheat,DAP
18,80,122,15.6,73.3,25.1,Black,Paddy,10-26-26
58,2,57,25.0,20.1,14.5,Clayey,Wheat,DAP
0,20,20,35.6,88.3,24.9,Clayey,Tobacco,Urea
9,63,68,20.6,70.2,17.4,Red,Maize,28-28
78,16,107,24.3,71.1,43.3,Red,Paddy,DAP
34,63,185,21.3,16.0,54.8,Sandy,Sugarcane,17-17-17
88,99,188,42.4,80.7,32.5,Clayey,Cotton,10-26-26
130,84,150,20.0,85.7,19.8,Black,Sugarcane,20-20
121,37,87,29.9,22.1,24.5,Sandy,Pulses,14-35-14
60,21,77,33.3,17.5,55.1,Sandy,Cotton,DAP
139,54,50,33.4,42.7,50.9,Clayey,Maize,28-28
111,45,96,29.9,71.4,10.6,Sandy,Barley,DAP
113,51,161,36.8,21.0,45.8,Black,Cotton,17-17-17
68,119,66,41.5,94.3,52.9,Loamy,Maize,28-28
95,55,52,17.2,87.1,20.6,Red,Wheat,28-28
131,120,196,38.8,33.4,44.1,Red,Millets,Urea
32,19,15,44.9,15.9,15.6,Sandy,Pulses,14-35-14
61,30,41,22.2,81.7,12.8,Loamy,Wheat,DAP
136,105,178,43.8,94.1,49.5,Loamy,Cotton,10-26-26
140,129,198,23.2,47.0,51.8,Sandy,Sugarcane,20-20
84,127,71,27.1,47.9,19.6,Black,Barley,28-28
19,69,16,38.4,35.7,51.5,Black,Sugarcane,14-35-14
81,7,164,28.5,30.2,35.4,Black,Wheat,DAP
109,98,36,18.4,76.0,35.0,Loamy,Barley,28-28
85,18,115,31.3,26.7,47.3,Sandy,Ground Nuts,DAP
91,124,170,42.5,74.7,43.6,Black,Tobacco,10-26-26
8,26,16,29.7,46.9,21.1,Sandy,Paddy,Urea
0,5,40,40.2,76.3,54.7,Sandy,Ground Nuts,Urea
82,135,130,21.9,77.2,25.2,Sandy,Sugarcane,20-20
116,94,32,42.4,86.3,52.4,Loamy,Cotton,10-26-26
134,77,180,20.4,91.6,29.9,Sandy,Barley,28-28
28,143,75,37.3,97.5,31.9,Red,Ground Nuts,14-35-14
11,2,32,30.4,70.0,54.5,Clayey,Millets,Urea
28,38,90,29.7,65.9,26.3,Loamy,Oil seeds,Urea
66,22,93,18.1,25.1,37.9,Clayey,Cotton,DAP
76,15,40,28.1,36.6,18.2,Sandy,Pulses,DAP
48,1,119,15.6,90.6,38.5,Red,Maize,DAP
11,3,116,35.1,55.0,42.1,Black,Millets,Urea
68,80,29,25.7,37.9,42.1,Clayey,Wheat,28-28
36,76,76,20.2,41.7,58.7,Loamy,Sugarcane,DAP
9,96,156,23.7,37.0,56.5,Red,Millets,Urea
14,92,29,38.0,78.3,25.6,Black,Tobacco,20-20
73,120,146,41.5,64.1,16.3,Sandy,Millets,Urea
83,76,160,18.0,16.9,38.0,Red,Pulses,14-35-14
82,53,131,29.4,15.4,14.6,Red,Millets,Urea
45,53,73,17.2,96.1,21.2,Red,Wheat,28-28
108,76,178,31.6,94.1,10.3,Loamy,Pulses,14-35-14
39,37,47,27.6,74.8,33.1,Clayey,Barley,DAP
74,136,89,25.2,89.2,38.2,Red,Millets,Urea
71,13,23,33.1,28.1,46.8,Red,Cotton,DAP
31,24,115,37.2,40.0,43.1,Black,Millets,Urea
37,60,173,22.9,89.8,54.6,Red,Oil seeds,14-35-14
118,42,187,41.0,98.5,36.4,Clayey,Tobacco,20-20
12,46,86,30.1,75.0,22.4,Black,Wheat,DAP
100,70,173,41.9,58.6,32.8,Loamy,Paddy,28-28
59,39,6,29.7,43.4,56.2,Red,Oil seeds,14-35-14
122,124,187,43.6,65.9,56.7,Sandy,Paddy,10-26-26
27,69,197,19.9,34.1,23.2,Black,Oil seeds,14-35-14
76,75,68,18.2,75.9,52.7,Clayey,Millets,Urea
120,114,59,29.4,53.5,28.1,Loamy,Cotton,14-35-14
106,17,144,31.2,75.5,37.8,Sandy,Sugarcane,DAP
34,10,60,28.1,47.7,30.3,Red,Cotton,14-35-14
131,0,130,33.2,73.5,29.2,Loamy,Tobacco,DAP
12,42,129,35.4,86.5,21.4,Black,Oil seeds,14-35-14
134,44,163,18.6,69.5,22.5,Loamy,Barley,DAP
111,76,104,41.5,49.2,24.5,Black,Millets,Urea
133,31,107,20.8,43.7,27.9,Red,Millets,DAP
7,63,134,43.2,90.7,36.8,Loamy,Wheat,28-28
3,133,165,37.4,22.1,35.6,Red,Sugarcane,10-26-26
106,145,110,29.5,63.1,51.3,Clayey,Cotton,14-35-14
115,34,27,41.9,98.5,30.0,Black,Wheat,DAP
96,50,82,23.1,83.1,12.2,Red,Paddy,14-35-14
91,46,183,27.4,60.2,12.5,Sandy,Millets,Urea
25,86,172,18.4,49.3,42.4,Clayey,Oil seeds,14-35-14
118,50,80,22.8,87.4,53.2,Red,Barley,28-28
99,108,119,16.1,52.3,15.7,Sandy,Millets,Urea
104,144,183,19.2,67.7,46.4,Loamy,Barley,28-28
1,134,153,33.1,18.9,54.7,Black,Wheat,28-28
70,23,166,29.1,65.5,11.5,Red,Sugarcane,DAP
36,114,180,19.8,91.9,35.8,Black,Pulses,14-35-14
72,40,105,23.1,83.2,40.8,Sandy,Maize,10-26-26
7,31,63,38.5,81.4,32.7,Black,Cotton,Urea
94,40,157,21.9,37.6,25.7,Clayey,Barley,DAP
130,79,178,28.7,92.1,15.2,Loamy,Oil seeds,14-35-14
138,16,153,18.1,48.8,13.1,Loamy,Sugarcane,DAP
1,87,30,16.2,86.2,32.4,Clayey,Tobacco,17-17-17
127,133,30,23.2,76.2,20.3,Black,Tobacco,10-26-26
28,104,51,37.4,32.4,10.5,Red,Cotton,14-35-14
107,20,130,23.1,87.5,27.3,Black,Millets,DAP
113,25,14,18.1,78.0,50.3,Sandy,Wheat,DAP
75,122,82,20.3,96.6,44.7,Sandy,Cotton,14-35-14
69,135,195,34.3,42.2,53.0,Black,Maize,10-26-26
3,125,174,20.1,97.0,10.7,Red,Tobacco,10-26-26
15,144,83,32.1,51.5,30.7,Sandy,Ground Nuts,14-35-14
124,62,86,23.5,61.7,46.5,Loamy,Pulses,14-35-14
92,16,187,21.4,23.1,44.2,Loamy,Pulses,DAP
118,94,69,16.6,90.0,53.1,Sandy,Cotton,14-35-14
5,74,87,42.2,21.1,19.6,Clayey,Tobacco,20-20
75,141,88,16.4,82.9,40.2,Red,Maize,28-28
65,89,49,30.0,40.2,58.7,Sandy,Cotton,14-35-14
18,65,166,24.4,85.1,39.7,Red,Maize,10-26-26
84,138,38,34.6,38.4,10.0,Clayey,Sugarcane,20-20
120,60,99,22.0,80.9,40.4,Loamy,Ground Nuts,14-35-14
85,132,186,26.9,96.9,36.9,Clayey,Paddy,10-26-26
124,60,50,16.1,61.4,45.4,Loamy,Pulses,14-35-14
62,110,88,22.2,71.8,19.8,Black,Barley,28-28
98,73,33,26.5,48.6,49.2,Black,Ground Nuts,14-35-14
94,112,40,43.1,21.8,11.0,Black,Paddy,10-26-26
64,67,27,39.1,55.8,24.9,Clayey,Cotton,28-28
7,50,84,16.7,88.7,24.7,Sandy,Oil seeds,14-35-14
92,116,137,23.7,26.8,22.0,Black,Ground Nuts,14-35-14
9,30,59,19.1,73.8,16.0,Red,Pulses,Urea
117,79,10,35.5,14.2,56.5,Sandy,Pulses,14-35-14
89,109,191,43.4,54.2,53.7,Clayey,Paddy,10-26-26
11,144,47,30.2,62.4,25.7,Clayey,Tobacco,28-28
60,57,181,19.9,35.4,27.1,Loamy,Paddy,DAP
58,78,85,27.7,14.4,25.7,Sandy,Cotton,14-35-14
92,95,31,22.6,92.2,15.1,Sandy,Wheat,28-28
80,113,183,15.7,49.4,26.6,Loamy,Barley,28-28
36,36,130,42.4,82.6,56.1,Black,Paddy,10-26-26
47,16,167,18.9,42.2,20.5,Loamy,Sugarcane,DAP
139,107,190,32.9,66.0,34.0,Loamy,Ground Nuts,14-35-14
121,77,202,17.1,64.6,36.0,Red,Oil seeds,14-35-14
94,16,136,33.3,29.4,21.3,Black,Pulses,DAP
133,113,138,18.8,91.7,43.6,Black,Wheat,28-28
19,49,163,17.1,30.3,48.6,Loamy,Paddy,28-28
124,53,129,21.2,15.7,34.0,Black,Pulses,14-35-14
0,43,149,20.4,43.0,30.9,Clayey,Barley,DAP
122,81,153,15.9,66.0,29.8,Loamy,Cotton,10-26-26
54,88,57,40.7,56.6,16.5,Black,Wheat,28-28
109,93,116,39.8,24.8,55.2,Sandy,Millets,20-20
108,3,71,20.1,42.8,40.4,Clayey,Wheat,DAP
47,116,160,37.6,83.8,11.6,Black,Pulses,14-35-14
107,52,141,43.9,85.7,34.5,Loamy,Wheat,28-28
127,69,146,23.5,59.7,12.6,Red,Maize,10-26-26
23,143,179,15.3,67.9,45.2,Sandy,Oil seeds,14-35-14
91,80,141,28.5,19.4,33.8,Sandy,Barley,28-28
98,97,41,23.3,57.0,18.0,Loamy,Oil seeds,14-35-14
76,44,114,17.0,85.4,38.1,Loamy,Cotton,20-20
134,108,133,44.1,78.2,18.8,Red,Oil seeds,14-35-14
101,47,190,26.0,41.3,52.5,Red,Ground Nuts,14-35-14
133,134,36,22.2,57.8,29.0,Clayey,Pulses,14-35-14
43,46,34,28.6,25.5,12.4,Red,Maize,17-17-17
130,141,95,42.2,50.0,49.2,Black,Millets,Urea
76,0,204,21.0,64.5,13.2,Clayey,Ground Nuts,DAP
130,127,61,37.4,18.6,37.1,Red,Millets,Urea
79,81,134,41.9,68.7,46.5,Sandy,Maize,10-26-26
57,87,96,21.1,77.9,44.3,Sandy,Oil seeds,14-35-14
13,52,126,30.6,39.4,10.8,Sandy,Millets,Urea
44,92,21,34.5,70.2,57.8,Red,Sugarcane,20-20
12,90,171,19.1,79.7,10.9,Red,Oil seeds,14-35-14
115,60,167,43.2,88.6,24.4,Red,Pulses,14-35-14
87,20,160,20.1,41.2,31.2,Red,Sugarcane,DAP
122,5,156,18.5,45.0,58.4,Loamy,Barley,DAP
50,138,183,40.7,18.2,17.4,Clayey,Maize,10-26-26
81,98,147,25.7,28.0,34.5,Clayey,Oil seeds,14-35-14
36,133,198,31.1,15.9,32.2,Clayey,Wheat,28-28
24,142,162,31.7,81.7,37.1,Clayey,Tobacco,10-26-26
83,33,75,34.9,84.3,16.4,Clayey,Tobacco,DAP
6,35,37,39.5,83.0,52.3,Black,Millets,Urea
20,14,13,44.8,62.4,27.8,Sandy,Ground Nuts,Urea
92,104,52,27.6,97.0,44.2,Black,Tobacco,28-28
134,116,169,29.6,41.1,20.1,Black,Ground Nuts,14-35-14
1,42,81,34.8,39.3,20.8,Red,Oil seeds,14-35-14
130,72,99,21.6,53.9,33.5,Black,Sugarcane,20-20
104,104,68,31.1,40.6,17.3,Loamy,Wheat,28-28
87,44,186,15.3,93.8,13.3,Red,Barley,DAP
130,25,180,36.4,88.1,17.7,Sandy,Maize,DAP
104,73,147,26.1,42.3,31.2,Black,Oil seeds,14-35-14
71,139,153,17.9,15.3,18.1,Loamy,Sugarcane,20-20
106,2,114,34.1,85.7,50.0,Red,Maize,DAP
18,110,21,41.8,60.7,58.9,Red,Oil seeds,14-35-14
127,82,137,30.1,90.3,27.9,Black,Cotton,17-17-17
12,97,119,28.2,21.8,45.9,Red,Paddy,28-28
43,114,185,21.8,64.2,28.6,Black,Paddy,17-17-17
9,108,193,28.0,49.4,11.8,Loamy,Tobacco,17-17-17
7,9,194,36.2,29.3,22.6,Black,Tobacco,Urea
25,9,174,29.9,32.4,13.0,Red,Cotton,Urea
80,86,19,45.0,98.9,54.1,Black,Pulses,14-35-14
27,3,21,17.6,33.2,19.4,Loamy,Maize,Urea
139,129,155,30.6,66.1,58.1,Sandy,Pulses,14-35-14
75,91,9,33.8,81.5,42.4,Red,Millets,20-20
100,107,59,36.5,85.6,47.1,Black,Ground Nuts,14-35-14
43,111,88,39.7,72.7,45.0,Sandy,Cotton,14-35-14
11,50,120,35.0,32.4,42.9,Red,Maize,10-26-26
90,73,199,28.6,47.2,59.1,Clayey,Ground Nuts,14-35-14
42,7,12,32.7,65.5,30.9,Sandy,Sugarcane,DAP
114,63,51,37.8,55.3,56.6,Clayey,Sugarcane,20-20
77,27,53,40.6,33.8,26.4,Loamy,Cotton,DAP
91,120,115,19.9,83.2,49.6,Clayey,Oil seeds,14-35-14
46,58,53,16.1,60.0,45.2,Sandy,Paddy,DAP
13,105,51,24.6,28.1,31.8,Sandy,Paddy,10-26-26
105,52,95,25.2,97.0,35.5,Clayey,Millets,Urea
111,119,193,30.0,55.6,17.9,Red,Tobacco,10-26-26
5,107,102,44.8,73.1,52.1,Red,Cotton,14-35-14
39,33,123,35.0,66.1,14.4,Clayey,Barley,DAP
43,19,110,25.7,63.6,27.1,Sandy,Maize,DAP
79,31,44,31.0,86.4,39.2,Loamy,Millets,DAP
26,61,17,43.3,17.6,35.2,Red,Cotton,14-35-14
48,115,140,40.6,34.8,53.8,Clayey,Paddy,28-28
18,17,120,34.6,19.3,36.3,Clayey,Sugarcane,Urea
8,87,171,28.2,99.5,31.0,Sandy,Wheat,28-28
25,45,117,39.7,76.2,51.6,Black,Oil seeds,14-35-14
27,124,156,25.5,92.9,16.7,Black,Millets,Urea
58,58,46,26.2,32.4,39.3,Black,Paddy,17-17-17
78,15,43,35.7,76.3,44.9,Sandy,Maize,DAP
94,55,31,23.9,65.5,35.1,Red,Tobacco,20-20
54,75,184,19.7,43.1,11.0,Clayey,Maize,10-26-26
47,122,77,34.1,68.1,37.7,Black,Sugarcane,DAP
54,103,183,41.2,32.5,14.2,Loamy,Sugarcane,10-26-26
60,11,12,32.1,59.3,11.9,Sandy,Maize,DAP
15,86,141,19.9,24.6,59.0,Sandy,Paddy,10-26-26
133,62,37,33.3,69.3,14.4,Loamy,Tobacco,17-17-17
33,56,173,42.9,40.1,53.2,Sandy,Millets,20-20
61,92,86,15.2,62.6,27.0,Red,Pulses,14-35-14
85,132,191,33.3,87.4,23.2,Loamy,Tobacco,17-17-17
106,88,124,39.1,59.7,19.3,Sandy,Ground Nuts,14-35-14
86,67,14,23.2,20.8,31.5,Black,Barley,28-28
99,76,134,26.2,36.6,48.0,Red,Oil seeds,14-35-14
10,30,11,35.9,46.3,57.1,Loamy,Millets,Urea
16,128,156,21.1,43.3,33.8,Clayey,Sugarcane,10-26-26
108,16,167,18.2,94.1,55.7,Clayey,Paddy,DAP
33,69,16,31.0,48.6,18.1,Sandy,Maize,28-28
101,119,205,28.7,70.7,55.7,Sandy,Paddy,10-26-26
5,96,93,16.2,70.7,23.6,Black,Ground Nuts,14-35-14
86,67,83,18.0,89.0,35.4,Red,Cotton,14-35-14
25,18,8,15.7,58.8,29.6,Clayey,Millets,Urea
140,139,9,44.5,25.9,31.5,Sandy,Barley,28-28
8,53,25,30.5,51.2,59.6,Loamy,Sugarcane,DAP
53,118,142,43.5,87.9,21.4,Black,Wheat,28-28
38,142,52,39.4,77.8,46.8,Black,Wheat,28-28
140,107,46,25.9,87.8,23.3,Loamy,Millets,Urea
63,33,175,30.7,17.9,56.7,Black,Ground Nuts,DAP
113,46,57,37.0,67.8,52.7,Clayey,Wheat,DAP
127,123,145,18.1,65.7,53.7,Clayey,Cotton,10-26-26
115,56,127,43.1,46.5,38.8,Sandy,Paddy,28-28
69,1,151,19.3,83.8,21.1,Loamy,Cotton,DAP
92,11,102,22.2,17.6,41.2,Loamy,Wheat,DAP
135,54,107,22.5,48.2,31.4,Red,Millets,20-20
10,137,111,33.0,75.0,57.5,Clayey,Maize,10-26-26
132,51,137,38.3,61.5,43.0,Red,Maize,10-26-26
26,145,103,27.1,31.1,58.1,Clayey,Sugarcane,DAP
94,104,124,40.0,81.5,19.3,Black,Paddy,10-26-26
67,74,124,43.0,66.0,43.0,Sandy,Tobacco,17-17-17
18,39,16,43.8,84.6,52.7,Sandy,Sugarcane,Urea
108,52,134,28.2,16.6,48.5,Sandy,Ground Nuts,14-35-14
19,2,164,22.0,82.6,38.2,Clayey,Maize,Urea
72,104,117,20.4,71.8,33.0,Sandy,Cotton,14-35-14
12,68,168,43.6,84.0,55.2,Black,Millets,Urea
27,120,125,21.2,85.2,36.9,Loamy,Tobacco,17-17-17
73,94,142,28.3,65.5,33.8,Sandy,Cotton,14-35-14
109,113,66,35.6,82.1,39.2,Sandy,Cotton,14-35-14
140,127,98,33.9,65.3,25.9,Loamy,Paddy,14-35-14
98,32,204,23.0,91.4,56.4,Clayey,Cotton,DAP
40,105,2,18.7,93.8,32.7,Red,Ground Nuts,14-35-14
133,19,138,25.2,24.9,30.7,Black,Pulses,DAP
85,34,46,36.1,56.4,55.7,Clayey,Sugarcane,DAP
13,90,59,34.0,35.4,25.2,Clayey,Paddy,10-26-26
37,82,26,38.2,25.2,32.7,Loamy,Cotton,10-26-26
9,119,144,16.3,39.5,24.0,Black,Ground Nuts,14-35-14
71,68,134,34.9,46.8,46.0,Loamy,Pulses,14-35-14
47,16,110,44.9,90.8,35.7,Red,Oil seeds,DAP
47,9,35,34.3,66.4,33.4,Sandy,Paddy,DAP
140,20,78,35.1,68.2,10.9,Loamy,Tobacco,DAP
35,26,71,16.9,29.4,48.3,Red,Cotton,14-35-14
21,16,6,25.5,36.8,27.5,Red,Sugarcane,Urea
41,62,80,43.4,44.6,22.5,Sandy,Ground Nuts,14-35-14
4,81,130,20.5,95.0,47.8,Loamy,Ground Nuts,14-35-14
110,46,111,42.2,59.6,16.9,Loamy,Wheat,DAP
95,116,69,24.3,53.6,43.7,Clayey,Paddy,17-17-17
136,130,175,45.0,78.7,53.2,Sandy,Ground Nuts,14-35-14
111,103,126,39.7,39.4,45.3,Black,Paddy,17-17-17
7,41,154,18.4,61.0,45.5,Red,Ground Nuts,14-35-14
59,110,65,39.2,82.1,39.1,Red,Millets,20-20
110,103,76,38.3,56.4,38.2,Loamy,Millets,Urea
99,62,48,20.3,98.8,45.8,Loamy,Ground Nuts,14-35-14
70,6,199,39.4,71.2,27.0,Loamy,Wheat,DAP
100,94,86,17.8,68.5,24.3,Clayey,Paddy,20-20
3,87,150,15.7,73.1,24.7,Sandy,Ground Nuts,14-35-14
93,125,112,31.0,31.1,35.4,Loamy,Maize,10-26-26
19,112,48,18.3,54.2,13.5,Sandy,Oil seeds,14-35-14
15,93,101,40.0,14.7,20.7,Loamy,Cotton,DAP
24,59,58,33.7,62.0,13.0,Clayey,Maize,28-28
56,53,111,23.9,76.4,21.5,Loamy,Paddy,20-20
77,22,125,29.3,17.8,58.5,Loamy,Barley,DAP
13,120,35,41.6,38.3,31.9,Loamy,Pulses,14-35-14
59,9,152,39.8,40.2,59.5,Red,Millets,DAP
35,131,67,28.7,36.2,45.8,Loamy,Sugarcane,17-17-17
22,15,21,36.8,24.4,18.4,Clayey,Tobacco,Urea
132,6,50,17.3,46.1,44.4,Black,Barley,DAP
9,72,204,37.6,23.1,14.1,Red,Cotton,14-35-14
15,52,39,34.1,39.5,45.5,Red,Wheat,28-28
38,101,129,17.2,54.0,40.8,Red,Barley,28-28
53,109,11,31.4,95.7,19.0,Loamy,Ground Nuts,14-35-14
101,100,43,31.3,59.8,13.8,Sandy,Sugarcane,20-20
83,9,28,36.6,59.5,29.8,Sandy,Maize,DAP
46,102,191,35.2,20.4,33.0,Clayey,Pulses,14-35-14
56,56,33,17.3,94.3,28.2,Clayey,Sugarcane,14-35-14
114,74,72,35.1,65.8,13.6,Sandy,Ground Nuts,14-35-14
118,132,118,16.0,54.4,57.7,Red,Cotton,14-35-14
29,125,65,22.5,69.3,23.8,Black,Maize,28-28
84,57,78,40.2,64.1,22.4,Clayey,Pulses,14-35-14
32,99,167,29.7,40.8,53.6,Red,Ground Nuts,14-35-14
64,15,149,36.4,27.6,22.6,Loamy,Wheat,DAP
61,84,133,25.1,15.2,17.7,Loamy,Cotton,DAP
87,26,67,25.7,82.0,35.5,Red,Barley,DAP
80,101,109,42.4,19.5,12.8,Loamy,Millets,Urea
38,23,124,21.8,56.2,27.9,Red,Oil seeds,DAP
50,51,121,19.6,87.9,33.4,Red,Sugarcane,17-17-17
26,80,100,35.6,94.7,46.1,Black,Wheat,28-28
20,93,174,29.1,92.9,29.4,Red,Wheat,28-28
80,122,67,26.6,27.6,44.8,Black,Cotton,10-26-26
44,86,201,21.0,94.5,10.9,Black,Sugarcane,10-26-26
23,87,16,35.0,22.0,35.4,Loamy,Cotton,DAP
112,28,6,24.5,59.7,35.6,Black,Paddy,DAP
23,38,194,39.5,62.2,22.8,Clayey,Pulses,Urea
43,90,160,36.2,81.3,32.8,Black,Ground Nuts,14-35-14
25,20,119,19.2,58.1,39.4,Clayey,Cotton,Urea
94,22,140,15.7,40.9,51.0,Loamy,Tobacco,DAP
130,128,89,23.2,23.4,43.0,Loamy,Cotton,10-26-26
2,39,195,37.3,59.8,50.5,Clayey,Sugarcane,Urea
115,51,119,39.0,43.8,18.6,Clayey,Maize,10-26-26
60,17,85,40.8,36.2,21.3,Loamy,Maize,DAP
5,84,50,23.2,28.6,45.9,Clayey,Sugarcane,20-20
4,109,196,44.0,84.6,20.2,Loamy,Pulses,14-35-14
99,11,74,37.4,54.4,49.1,Red,Barley,DAP
17,79,170,15.6,40.8,41.9,Black,Barley,28-28
79,41,63,38.8,40.4,11.8,Red,Millets,20-20
131,129,121,38.1,33.1,23.5,Loamy,Paddy,DAP
15,8,180,42.8,26.6,58.5,Sandy,Maize,Urea
74,10,7,34.0,79.4,59.3,Loamy,Oil seeds,DAP
112,106,33,20.3,50.2,49.7,Loamy,Cotton,10-26-26
122,99,164,26.8,73.8,56.9,Red,Sugarcane,20-20
104,116,26,16.0,14.1,13.9,Red,Sugarcane,20-20
65,31,44,29.6,75.2,53.4,Clayey,Tobacco,DAP
62,64,77,38.3,97.5,33.3,Clayey,Oil seeds,14-35-14
24,134,140,44.6,59.9,15.7,Red,Oil seeds,14-35-14
127,105,164,35.9,65.3,33.0,Black,Sugarcane,20-20
78,95,92,37.5,72.4,19.9,Loamy,Tobacco,17-17-17
115,17,185,31.1,80.3,43.1,Clayey,Cotton,DAP
4,105,21,18.6,15.3,54.5,Red,Millets,Urea
78,105,62,18.5,49.0,52.4,Black,Barley,28-28
70,85,153,16.7,63.4,53.2,Black,Wheat,28-28
129,126,108,19.6,48.4,28.3,Clayey,Barley,28-28
125,102,36,27.8,31.0,55.5,Red,Oil seeds,14-35-14
91,17,56,22.9,32.0,40.0,Black,Millets,DAP
32,87,193,32.2,84.7,38.1,Sandy,Wheat,28-28
39,79,140,41.7,83.1,19.2,Clayey,Barley,28-28
139,77,183,39.4,75.8,46.5,Clayey,Wheat,28-28
136,25,27,40.9,77.9,30.7,Clayey,Pulses,DAP
121,31,194,40.3,14.0,18.4,Red,Cotton,DAP
77,21,107,21.4,16.5,31.7,Sandy,Tobacco,DAP
96,90,15,28.4,100.0,51.8,Sandy,Paddy,10-26-26
102,127,150,43.6,47.2,49.3,Red,Tobacco,10-26-26
79,38,44,35.3,31.1,14.0,Clayey,Oil seeds,14-35-14
12,78,55,24.9,37.2,35.6,Red,Millets,Urea
46,25,83,38.9,52.1,25.9,Black,Pulses,DAP
40,51,81,32.1,55.6,37.5,Clayey,Pulses,14-35-14
116,113,193,37.5,25.7,13.3,Red,Barley,28-28
129,14,104,28.3,30.0,34.3,Black,Ground Nuts,DAP
23,83,166,24.4,92.2,53.5,Black,Paddy,17-17-17
93,144,41,29.6,91.9,51.8,Sandy,Wheat,28-28
49,56,188,21.5,46.1,26.6,Sandy,Millets,Urea
82,72,101,34.3,79.6,48.0,Black,Ground Nuts,14-35-14
45,10,30,15.4,14.6,22.0,Red,Ground Nuts,DAP
135,7,187,15.2,77.3,17.6,Loamy,Paddy,DAP
86,63,1,41.9,70.7,27.2,Clayey,Oil seeds,14-35-14
96,29,7,30.6,99.4,10.6,Clayey,Ground Nuts,DAP
45,124,162,15.8,69.3,54.6,Black,Pulses,14-35-14
132,54,19,30.7,55.0,32.4,Black,Tobacco,20-20
132,88,145,16.1,64.2,21.5,Black,Sugarcane,20-20
12,19,65,42.0,84.4,59.5,Red,Barley,Urea
85,26,6,16.7,98.2,39.4,Red,Pulses,DAP
23,14,94,16.0,66.7,45.8,Red,Oil seeds,Urea
114,39,38,19.8,46.0,52.4,Red,Sugarcane,20-20
73,16,48,23.1,59.8,40.3,Sandy,Tobacco,DAP
56,85,179,31.2,72.1,41.7,Clayey,Millets,Urea
120,77,65,20.2,22.8,40.6,Black,Cotton,17-17-17
26,1,96,35.5,69.3,10.8,Red,Millets,Urea
55,27,63,44.8,34.0,41.2,Loamy,Millets,DAP
3,87,83,35.4,19.6,25.4,Sandy,Tobacco,17-17-17
140,92,19,38.4,81.4,36.0,Clayey,Barley,28-28
20,17,38,22.2,38.1,12.7,Red,Oil seeds,Urea
117,143,34,42.0,85.7,37.7,Red,Millets,Urea
126,51,78,25.3,56.8,32.9,Black,Cotton,DAP
93,14,177,35.7,54.4,32.0,Sandy,Cotton,DAP
38,107,16,26.3,69.0,34.7,Black,Sugarcane,14-35-14
104,12,145,15.6,58.7,44.0,Sandy,Tobacco,DAP
42,84,154,21.0,34.1,36.1,Clayey,Tobacco,10-26-26
50,105,111,19.8,31.6,49.4,Red,Cotton,14-35-14
48,46,71,41.9,90.6,58.8,Clayey,Wheat,DAP
83,28,113,23.7,38.3,21.9,Clayey,Barley,DAP
28,1,112,38.7,30.7,23.1,Clayey,Millets,Urea
36,71,26,34.4,52.8,58.4,Clayey,Tobacco,28-28
119,64,24,23.2,61.0,20.7,Clayey,Cotton,28-28
5,8,201,38.6,98.6,11.0,Red,Ground Nuts,Urea
23,43,105,42.7,71.3,21.8,Clayey,Sugarcane,20-20
80,99,12,35.4,71.5,57.1,Black,Barley,28-28
98,100,104,16.6,45.0,50.7,Red,Barley,28-28
82,132,104,42.7,55.3,41.2,Loamy,Ground Nuts,14-35-14
0,91,57,26.2,93.6,51.4,Clayey,Pulses,14-35-14
71,68,5,18.0,67.2,17.2,Sandy,Maize,28-28
76,11,193,39.6,81.3,37.2,Black,Ground Nuts,DAP
23,29,197,17.3,75.4,10.2,Black,Barley,Urea
94,12,89,27.5,39.6,55.6,Red,Cotton,DAP
39,106,23,29.3,33.2,45.3,Clayey,Maize,28-28
53,52,48,22.6,50.3,49.3,Clayey,Wheat,28-28
89,120,148,23.7,66.8,27.7,Loamy,Wheat,28-28
110,107,110,42.5,99.9,49.0,Black,Sugarcane,20-20
93,40,93,28.7,85.3,58.8,Loamy,Wheat,DAP
71,13,30,29.6,63.7,44.5,Loamy,Millets,DAP
24,130,68,38.6,46.4,15.0,Sandy,Ground Nuts,14-35-14
34,77,37,28.4,43.8,26.9,Black,Tobacco,28-28
96,5,168,20.5,25.3,39.6,Red,Paddy,DAP
131,114,139,16.5,87.5,42.9,Loamy,Cotton,20-20
20,14,162,39.8,26.3,25.5,Black,Oil seeds,Urea
116,145,148,31.4,18.4,47.3,Clayey,Wheat,28-28
23,37,43,33.3,48.3,42.3,Sandy,Oil seeds,Urea
22,123,85,16.3,29.2,53.2,Loamy,Ground Nuts,14-35-14
108,67,23,20.8,61.6,29.1,Red,Wheat,28-28
90,133,162,23.2,55.3,47.3,Red,Wheat,28-28
37,42,102,18.1,86.0,17.6,Sandy,Paddy,17-17-17
119,25,170,19.3,84.8,56.6,Black,Oil seeds,DAP
55,135,93,36.5,47.9,43.9,Loamy,Ground Nuts,14-35-14
85,145,11,43.6,85.8,55.1,Sandy,Oil seeds,14-35-14
76,53,156,32.4,28.5,31.2,Loamy,Pulses,14-35-14
72,71,166,30.6,73.9,57.1,Clayey,Paddy,Urea
33,49,174,40.2,72.7,20.4,Black,Wheat,DAP
89,80,117,16.5,55.9,27.8,Black,Barley,28-28
6,68,93,33.2,22.9,51.8,Sandy,Cotton,14-35-14
17,41,50,15.3,34.3,16.9,Clayey,Pulses,14-35-14
97,22,58,38.7,32.5,13.3,Loamy,Ground Nuts,DAP
72,54,116,36.4,37.5,16.1,Red,Oil seeds,14-35-14
62,72,78,34.4,56.5,41.0,Sandy,Pulses,14-35-14
25,27,39,33.0,99.3,14.5,Red,Barley,Urea
98,130,189,17.1,90.7,11.5,Loamy,Paddy,10-26-26
37,103,142,26.9,40.0,49.8,Red,Paddy,10-26-26
118,59,165,39.8,19.7,18.5,Sandy,Paddy,Urea
2,22,136,23.9,27.7,31.8,Loamy,Maize,Urea
61,86,166,17.2,46.5,45.5,Black,Tobacco,10-26-26
95,94,185,43.2,58.8,59.9,Red,Maize,10-26-26
78,127,21,32.7,68.2,52.3,Sandy,Tobacco,20-20
20,55,45,28.5,70.1,52.8,Red,Sugarcane,20-20
70,7,200,15.3,72.3,33.9,Sandy,Tobacco,DAP
37,98,123,41.3,55.4,38.2,Clayey,Maize,10-26-26
133,12,186,25.0,29.8,44.0,Black,Paddy,DAP
71,136,125,25.1,42.0,56.2,Red,Pulses,14-35-14
94,77,53,37.4,88.7,36.8,Clayey,Ground Nuts,14-35-14
136,100,36,26.7,58.0,56.5,Black,Cotton,28-28
88,77,166,18.3,63.3,11.2,Loamy,Tobacco,17-17-17
16,85,117,21.2,59.1,37.8,Loamy,Wheat,28-28
1,127,91,35.8,94.2,45.9,Clayey,Paddy,28-28
49,0,199,22.7,59.5,24.5,Sandy,Ground Nuts,DAP
75,88,177,44.5,47.8,28.1,Sandy,Barley,28-28
6,100,110,43.0,51.2,36.9,Sandy,Pulses,14-35-14
89,121,9,36.9,58.1,45.6,Clayey,Pulses,14-35-14
70,117,8,27.4,53.7,22.8,Sandy,Ground Nuts,14-35-14
80,83,198,15.4,80.4,53.8,Clayey,Millets,Urea
58,140,102,19.3,93.5,15.2,Sandy,Wheat,28-28
59,59,105,18.8,33.3,50.6,Sandy,Sugarcane,17-17-17
54,109,3,20.5,52.1,18.3,Red,Paddy,10-26-26
102,109,161,36.8,22.1,43.0,Black,Paddy,17-17-17
88,55,77,25.6,95.7,38.9,Loamy,Oil seeds,14-35-14
105,19,73,23.0,87.2,18.3,Loamy,Sugarcane,DAP
126,32,195,31.6,16.2,40.2,Sandy,Ground Nuts,DAP
113,88,184,21.3,80.7,34.3,Black,Wheat,28-28
12,83,96,21.9,59.3,32.6,Sandy,Cotton,14-35-14
102,111,168,30.5,36.5,46.1,Red,Cotton,14-35-14
29,25,180,23.5,56.9,12.3,Loamy,Pulses,Urea
104,103,191,21.8,82.4,41.5,Clayey,Millets,Urea
129,58,117,38.1,14.2,54.4,Loamy,Oil seeds,14-35-14
15,19,76,28.3,56.5,25.6,Clayey,Barley,Urea
41,72,83,41.9,88.2,35.5,Sandy,Cotton,14-35-14
63,68,167,18.9,28.9,27.0,Clayey,Oil seeds,14-35-14
45,4,112,34.3,49.3,36.3,Red,Barley,DAP
97,30,11,20.0,39.9,37.0,Loamy,Ground Nuts,DAP
138,24,34,22.7,35.9,57.4,Clayey,Tobacco,DAP
116,19,105,29.8,18.7,57.7,Clayey,Cotton,DAP
79,101,24,15.8,93.5,52.6,Sandy,Pulses,14-35-14
13,126,148,16.8,96.7,37.4,Black,Paddy,10-26-26
14,71,161,27.1,82.7,36.1,Clayey,Oil seeds,14-35-14
79,6,134,41.7,94.7,12.7,Red,Paddy,DAP
40,13,132,18.1,52.6,24.4,Clayey,Sugarcane,DAP
117,95,35,39.4,66.1,57.5,Sandy,Paddy,Urea
77,55,79,29.2,76.5,60.0,Sandy,Oil seeds,14-35-14
9,68,84,22.4,85.7,30.3,Red,Wheat,28-28
17,92,179,27.2,32.1,39.6,Clayey,Tobacco,10-26-26
119,67,65,36.9,36.1,18.8,Black,Cotton,DAP
32,104,73,21.5,25.0,25.6,Red,Cotton,14-35-14
41,115,3,33.3,49.4,33.7,Sandy,Millets,Urea
74,74,12,34.5,31.4,54.5,Clayey,Paddy,DAP
81,9,198,17.4,69.3,33.3,Red,Cotton,DAP
30,76,147,21.4,85.8,31.0,Loamy,Sugarcane,20-20
99,54,194,21.3,80.7,31.7,Black,Cotton,10-26-26
133,105,35,15.6,67.5,43.1,Clayey,Sugarcane,20-20
74,129,194,39.8,44.2,55.3,Loamy,Ground Nuts,14-35-14
30,91,189,38.1,33.2,14.0,Black,Ground Nuts,14-35-14
91,128,186,19.9,49.1,51.6,Black,Ground Nuts,14-35-14
76,132,19,41.9,93.6,28.9,Loamy,Sugarcane,20-20
27,73,80,43.4,35.2,43.4,Loamy,Pulses,14-35-14
122,51,163,28.7,63.0,44.6,Loamy,Pulses,14-35-14
63,75,60,27.0,73.3,55.3,Clayey,Oil seeds,14-35-14
68,69,4,17.1,73.3,18.7,Loamy,Ground Nuts,14-35-14
6,71,114,36.0,36.1,38.2,Sandy,Oil seeds,14-35-14
91,80,146,24.4,18.5,57.4,Sandy,Cotton,14-35-14
61,130,145,25.7,58.1,43.8,Black,Ground Nuts,14-35-14
78,9,148,42.7,71.7,56.6,Sandy,Sugarcane,DAP
46,49,131,42.2,55.7,33.0,Clayey,Pulses,14-35-14
78,56,96,39.9,15.3,23.6,Red,Sugarcane,20-20
108,25,171,17.6,22.1,23.4,Black,Wheat,DAP
51,62,188,36.4,45.7,45.7,Red,Tobacco,28-28
117,78,159,20.0,16.0,16.7,Sandy,Paddy,Urea
126,73,125,33.0,94.6,18.4,Loamy,Paddy,Urea
91,124,21,16.5,70.0,21.1,Sandy,Wheat,28-28
101,112,31,25.7,97.1,58.2,Clayey,Paddy,DAP
82,8,198,18.9,84.4,59.8,Loamy,Tobacco,DAP
35,116,2,31.8,52.7,42.3,Sandy,Millets,20-20
45,142,194,31.1,96.4,39.4,Red,Oil seeds,14-35-14
62,67,205,17.2,18.0,27.7,Black,Paddy,10-26-26
66,130,155,23.8,70.4,42.1,Clayey,Cotton,10-26-26
139,43,12,39.5,48.7,56.8,Sandy,Pulses,14-35-14
110,50,20,34.0,15.6,46.1,Red,Paddy,20-20
75,77,133,27.3,88.5,47.1,Sandy,Oil seeds,14-35-14
1,89,55,25.9,81.6,16.1,Red,Pulses,14-35-14
54,48,33,19.8,15.2,49.1,Clayey,Maize,28-28
15,19,42,26.0,49.7,51.6,Clayey,Oil seeds,Urea
44,86,14,42.1,15.0,34.9,Black,Paddy,17-17-17
50,111,185,40.3,75.7,57.2,Clayey,Maize,10-26-26
41,94,10,44.3,69.2,11.5,Loamy,Pulses,14-35-14
89,7,151,44.7,21.8,43.4,Sandy,Cotton,DAP
121,107,47,16.9,67.5,19.4,Sandy,Barley,28-28
4,23,174,30.4,67.4,51.0,Clayey,Tobacco,Urea
68,30,197,38.3,33.6,11.2,Loamy,Maize,DAP
139,19,81,34.8,17.8,51.8,Clayey,Barley,DAP
16,125,2,17.0,48.5,48.2,Sandy,Ground Nuts,14-35-14
54,101,28,34.1,47.9,24.9,Red,Barley,28-28
44,50,100,30.9,89.4,33.1,Clayey,Maize,28-28
61,132,136,20.1,50.6,19.4,Black,Cotton,17-17-17
116,45,197,32.9,97.5,59.2,Black,Barley,DAP
0,135,68,16.0,84.6,37.3,Clayey,Maize,28-28
54,43,154,24.7,68.7,54.1,Red,Ground Nuts,14-35-14
121,143,171,34.9,35.1,53.3,Clayey,Wheat,28-28
6,109,113,22.4,97.1,10.4,Black,Wheat,28-28
57,81,49,28.2,74.8,39.4,Loamy,Millets,Urea
42,81,150,22.6,40.4,51.7,Clayey,Millets,Urea
1,131,77,20.9,61.2,15.8,Sandy,Barley,28-28
48,135,190,29.2,83.0,46.8,Sandy,Tobacco,10-26-26
26,103,104,38.4,65.8,32.7,Loamy,Paddy,17-17-17
103,65,112,32.4,33.9,12.3,Sandy,Ground Nuts,14-35-14
33,58,2,38.0,19.9,51.3,Loamy,Oil seeds,14-35-14
131,60,96,19.9,62.7,25.6,Clayey,Maize,28-28
94,15,9,20.1,46.9,53.6,Loamy,Ground Nuts,DAP
128,26,194,28.1,86.5,39.8,Black,Tobacco,DAP
48,3,191,27.1,70.2,10.9,Sandy,Paddy,DAP
102,110,199,32.7,80.2,31.4,Black,Wheat,28-28
78,98,174,17.6,62.0,22.7,Black,Ground Nuts,14-35-14
135,49,37,17.0,51.3,16.8,Loamy,Maize,28-28
45,28,11,21.8,31.1,31.3,Sandy,Tobacco,DAP
17,21,82,36.7,44.1,25.7,Loamy,Maize,Urea
30,65,146,33.4,40.8,59.5,Red,Oil seeds,14-35-14
130,86,147,28.5,89.9,58.5,Red,Barley,28-28
36,4,72,30.2,48.3,16.0,Loamy,Millets,DAP
108,23,154,42.8,46.3,47.9,Sandy,Tobacco,DAP
78,84,9,22.7,52.4,44.7,Black,Paddy,17-17-17
67,59,123,33.8,98.2,33.2,Sandy,Millets,20-20
117,36,63,23.9,60.9,21.2,Loamy,Barley,DAP
61,87,151,36.2,49.9,47.9,Sandy,Cotton,14-35-14
73,31,86,15.7,48.4,59.3,Clayey,Sugarcane,DAP
27,13,171,42.2,88.8,21.9,Red,Tobacco,Urea
94,16,116,19.0,73.0,20.6,Sandy,Oil seeds,DAP
115,78,59,36.1,29.7,40.5,Loamy,Ground Nuts,14-35-14
101,12,14,27.5,36.6,13.6,Red,Wheat,DAP
51,137,172,43.3,76.2,44.5,Red,Millets,20-20
137,75,29,16.6,48.3,23.5,Black,Paddy,10-26-26
106,115,123,30.4,89.7,27.8,Sandy,Maize,10-26-26
22,1,193,40.6,46.8,47.0,Sandy,Pulses,Urea
28,118,164,40.6,73.0,10.9,Red,Cotton,14-35-14
121,14,175,35.7,97.5,14.2,Loamy,Sugarcane,DAP
33,3,107,30.2,65.1,45.4,Clayey,Millets,20-20
11,128,115,27.7,57.8,57.3,Loamy,Tobacco,17-17-17
112,102,119,36.4,86.4,33.2,Loamy,Barley,28-28
14,36,177,25.1,56.2,25.8,Sandy,Wheat,Urea
104,57,94,28.0,83.5,23.2,Sandy,Paddy,14-35-14
14,46,84,39.3,58.8,46.2,Red,Maize,28-28
130,34,184,43.4,63.2,25.3,Red,Cotton,DAP
29,89,134,25.7,77.6,35.5,Red,Cotton,14-35-14
35,90,151,30.9,96.7,26.0,Clayey,Tobacco,10-26-26
115,3,74,30.4,25.2,20.8,Clayey,Maize,DAP
15,110,103,24.5,18.7,45.2,Clayey,Wheat,28-28
72,85,30,16.0,47.2,55.2,Black,Tobacco,DAP
98,85,166,24.6,17.2,55.9,Sandy,Paddy,10-26-26
24,94,185,18.5,20.1,48.0,Sandy,Wheat,28-28
15,17,135,42.3,75.5,54.2,Red,Maize,Urea
37,44,185,27.0,98.8,51.1,Clayey,Maize,10-26-26
73,110,102,25.6,48.7,10.8,Black,Millets,20-20
78,129,92,41.7,66.3,57.5,Black,Pulses,14-35-14
116,142,59,40.8,99.9,41.5,Black,Pulses,14-35-14
123,25,101,32.2,85.6,44.4,Clayey,Oil seeds,DAP
0,144,177,27.5,28.8,15.8,Clayey,Maize,10-26-26
39,88,124,19.9,34.4,35.1,Loamy,Cotton,28-28
24,101,121,37.7,22.4,32.3,Clayey,Paddy,DAP
15,36,75,40.9,90.1,12.2,Clayey,Oil seeds,Urea
26,93,84,19.0,56.6,15.3,Red,Cotton,14-35-14
140,131,55,26.3,65.5,52.8,Loamy,Wheat,28-28
13,111,74,21.2,48.6,13.8,Red,Maize,28-28
92,36,195,19.9,78.8,48.0,Clayey,Sugarcane,20-20
17,26,30,31.9,36.7,16.5,Loamy,Tobacco,Urea
17,20,18,36.3,67.6,42.2,Red,Wheat,Urea
48,64,165,44.5,84.0,18.2,Clayey,Millets,Urea
107,44,31,37.1,32.5,30.0,Sandy,Sugarcane,20-20
53,126,174,42.3,57.8,44.7,Loamy,Maize,10-26-26
50,71,102,28.4,70.9,45.3,Black,Barley,28-28
80,106,68,39.0,96.9,17.6,Red,Ground Nuts,14-35-14
4,115,175,19.8,47.0,21.0,Loamy,Cotton,10-26-26
19,91,107,35.0,88.9,53.5,Sandy,Oil seeds,14-35-14
99,13,18,20.5,54.4,53.6,Clayey,Oil seeds,DAP
1,124,195,38.4,39.0,23.9,Loamy,Ground Nuts,14-35-14
3,62,28,36.8,18.5,11.5,Clayey,Millets,Urea
7,65,204,32.1,33.1,47.8,Red,Ground Nuts,14-35-14
111,51,165,32.6,92.2,19.4,Clayey,Tobacco,17-17-17
21,57,29,39.0,80.4,56.0,Loamy,Paddy,10-26-26
64,45,17,22.8,22.4,40.8,Clayey,Pulses,14-35-14
62,39,83,15.9,97.4,56.2,Sandy,Maize,28-28
121,81,12,27.2,62.5,49.6,Clayey,Millets,Urea
0,125,31,43.2,81.9,16.5,Clayey,Oil seeds,14-35-14
97,29,89,44.6,48.2,26.6,Clayey,Tobacco,DAP
24,22,186,39.1,50.7,41.7,Red,Millets,Urea
3,134,45,36.5,23.6,22.2,Red,Maize,28-28
105,33,84,25.5,52.2,13.2,Sandy,Tobacco,DAP
140,130,195,41.9,73.5,16.1,Sandy,Oil seeds,14-35-14
9,12,124,27.5,74.3,47.8,Black,Millets,Urea
119,45,203,40.7,76.1,54.2,Clayey,Tobacco,20-20
107,47,62,22.3,86.4,51.2,Loamy,Pulses,14-35-14
24,131,140,41.1,14.4,11.1,Clayey,Wheat,28-28
34,6,12,26.6,30.0,49.6,Loamy,Millets,Urea
75,31,90,22.2,87.9,56.2,Loamy,Pulses,DAP
13,103,116,19.7,72.8,11.0,Sandy,Wheat,28-28
2,67,132,17.6,74.6,28.0,Clayey,Cotton,28-28
86,32,67,41.9,82.2,37.3,Clayey,Ground Nuts,DAP
52,73,48,17.8,41.6,29.4,Sandy,Millets,Urea
107,68,83,29.0,37.7,17.1,Sandy,Ground Nuts,14-35-14
26,7,84,27.9,97.2,46.2,Red,Millets,Urea
3,132,138,19.7,96.6,11.9,Red,Oil seeds,14-35-14
29,21,152,31.2,90.7,44.0,Loamy,Wheat,Urea
120,105,68,38.7,23.9,56.4,Loamy,Maize,28-28
47,136,0,33.7,20.3,51.8,Loamy,Pulses,14-35-14
37,39,190,32.3,87.5,58.7,Loamy,Pulses,14-35-14
13,65,94,28.4,40.6,35.1,Black,Ground Nuts,14-35-14
14,36,154,16.5,39.2,49.3,Sandy,Millets,Urea
134,33,31,25.7,86.6,32.7,Loamy,Wheat,DAP
80,2,73,19.8,37.9,26.5,Black,Cotton,DAP
45,54,173,39.3,51.6,16.2,Loamy,Wheat,28-28
72,114,50,16.0,72.0,30.1,Loamy,Barley,28-28
133,81,44,27.5,26.8,57.9,Sandy,Millets,Urea
103,72,76,37.9,64.0,41.3,Loamy,Tobacco,17-17-17
23,1,91,33.8,62.7,40.6,Loamy,Wheat,Urea
118,34,81,40.9,43.7,27.0,Black,Oil seeds,DAP
95,20,17,22.9,98.2,49.9,Red,Maize,DAP
35,61,128,28.1,97.3,57.7,Red,Cotton,14-35-14
38,6,149,44.9,20.6,33.7,Red,Barley,DAP
45,122,117,24.0,84.8,17.7,Loamy,Ground Nuts,14-35-14
98,61,106,44.7,71.6,33.2,Loamy,Wheat,28-28
9,65,7,41.4,85.9,21.5,Red,Sugarcane,28-28
64,66,136,33.0,96.6,43.5,Clayey,Pulses,14-35-14
130,68,88,15.8,15.3,16.5,Clayey,Paddy,20-20
134,6,110,35.2,65.3,24.7,Clayey,Maize,DAP
85,9,113,33.8,61.1,21.6,Loamy,Sugarcane,DAP
15,132,37,25.9,45.4,54.0,Clayey,Tobacco,20-20
58,76,171,16.1,66.1,34.2,Sandy,Millets,Urea
114,57,36,17.2,75.4,45.1,Clayey,Tobacco,Urea
132,70,184,22.0,94.9,39.4,Red,Wheat,28-28
127,44,135,30.1,29.1,42.9,Clayey,Tobacco,17-17-17
86,136,129,41.8,80.8,45.9,Sandy,Millets,Urea
50,55,72,29.8,25.0,10.2,Black,Pulses,14-35-14
37,78,88,29.0,22.6,26.8,Sandy,Pulses,14-35-14
39,88,189,25.7,33.7,18.8,Red,Maize,10-26-26
92,138,59,33.2,67.2,36.5,Sandy,Paddy,DAP
73,6,15,40.7,93.7,14.5,Red,Millets,DAP
128,114,190,35.0,81.0,48.8,Sandy,Millets,Urea
139,73,118,37.2,52.4,13.4,Red,Maize,10-26-26
46,65,48,18.6,93.5,13.9,Loamy,Pulses,14-35-14
106,133,13,37.2,65.7,43.6,Red,Paddy,10-26-26
35,117,166,21.4,65.4,49.0,Loamy,Cotton,10-26-26
121,116,95,29.1,36.1,54.6,Black,Barley,28-28
17,114,146,43.6,31.7,25.6,Black,Maize,10-26-26
97,83,191,43.8,28.8,46.0,Red,Ground Nuts,14-35-14
6,45,29,26.3,53.7,10.6,Loamy,Millets,Urea
81,24,7,44.1,26.1,39.4,Clayey,Pulses,DAP
63,93,18,18.4,92.4,19.7,Red,Millets,Urea
96,134,114,18.2,30.2,35.0,Loamy,Tobacco,17-17-17
30,76,120,25.5,86.7,57.3,Black,Wheat,28-28
100,11,200,42.5,92.1,21.3,Loamy,Ground Nuts,DAP
97,30,179,26.8,55.6,49.5,Loamy,Oil seeds,DAP
74,104,147,34.0,18.3,40.4,Loamy,Millets,Urea
104,62,20,40.5,95.8,38.4,Sandy,Millets,Urea
115,96,20,42.0,40.9,38.7,Loamy,Oil seeds,14-35-14
55,48,91,37.7,52.8,57.9,Loamy,Barley,DAP
50,48,152,37.1,25.0,29.1,Sandy,Millets,Urea
126,13,33,31.1,59.8,41.9,Sandy,Millets,DAP
35,41,68,35.6,24.4,16.1,Loamy,Ground Nuts,14-35-14
35,125,62,27.0,29.4,10.1,Red,Cotton,14-35-14
48,145,124,31.4,74.3,56.8,Sandy,Sugarcane,17-17-17
9,125,10,34.6,30.2,13.2,Sandy,Ground Nuts,14-35-14
133,65,203,33.4,92.5,21.6,Loamy,Paddy,Urea
0,110,11,16.3,50.1,33.1,Red,Pulses,14-35-14
95,58,19,25.7,21.4,46.5,Red,Tobacco,20-20
90,132,122,44.7,80.9,24.8,Clayey,Cotton,20-20
6,75,86,36.2,72.5,24.6,Sandy,Pulses,14-35-14
131,40,122,26.2,37.4,14.4,Sandy,Sugarcane,20-20
79,129,35,28.7,16.2,38.5,Loamy,Sugarcane,20-20
25,129,55,21.2,42.9,16.7,Black,Sugarcane,10-26-26
83,52,141,38.0,86.2,50.3,Loamy,Tobacco,17-17-17
111,68,190,36.2,94.6,21.2,Red,Wheat,28-28
44,125,178,27.1,46.2,23.5,Clayey,Ground Nuts,14-35-14
138,77,150,29.0,98.8,31.3,Clayey,Ground Nuts,14-35-14
60,110,77,34.4,48.7,10.8,Sandy,Tobacco,DAP
29,54,104,20.8,70.2,12.7,Clayey,Wheat,28-28
103,78,83,41.7,71.2,40.8,Clayey,Tobacco,28-28
36,12,92,24.2,54.4,11.0,Loamy,Barley,DAP
114,126,188,44.8,40.0,41.7,Red,Wheat,28-28
124,10,26,32.6,81.0,22.4,Sandy,Paddy,DAP
130,141,51,42.0,38.5,55.0,Sandy,Paddy,20-20
7,71,146,30.1,27.9,28.5,Black,Oil seeds,14-35-14
52,136,179,42.2,20.2,41.7,Black,Ground Nuts,14-35-14
12,71,178,34.2,47.3,31.3,Black,Millets,Urea
32,114,127,32.3,47.1,16.3,Red,Oil seeds,14-35-14
96,19,141,38.3,27.1,18.7,Black,Oil seeds,DAP
137,112,156,30.7,85.1,38.8,Sandy,Millets,20-20
8,35,35,22.2,44.9,55.7,Loamy,Barley,Urea
71,106,95,16.9,60.3,45.9,Clayey,Oil seeds,14-35-14
72,41,1,23.2,27.6,12.6,Sandy,Pulses,14-35-14
63,56,118,23.6,53.1,24.5,Loamy,Paddy,14-35-14
9,51,33,23.0,65.9,43.4,Sandy,Cotton,14-35-14
42,28,105,29.5,32.8,40.1,Clayey,Ground Nuts,DAP
100,131,129,37.6,39.3,48.2,Sandy,Barley,28-28
109,60,162,37.4,48.2,20.5,Clayey,Paddy,10-26-26
21,31,122,20.2,72.7,31.4,Red,Maize,Urea
8,33,72,22.5,26.0,29.5,Red,Cotton,Urea
15,74,105,37.6,76.1,17.0,Black,Cotton,20-20
2,58,27,24.8,27.6,18.4,Loamy,Ground Nuts,14-35-14
105,80,50,16.7,59.2,14.2,Clayey,Pulses,14-35-14
40,68,3,15.6,16.7,35.4,Clayey,Oil seeds,14-35-14
89,144,187,24.8,32.8,29.6,Black,Paddy,17-17-17
104,18,65,29.0,34.0,39.4,Loamy,Wheat,DAP
87,6,5,31.9,79.6,28.4,Clayey,Cotton,DAP
128,78,94,39.4,85.3,50.1,Red,Pulses,14-35-14
51,141,121,35.0,58.2,28.2,Clayey,Paddy,28-28
68,52,123,23.3,97.8,22.9,Clayey,Cotton,10-26-26
70,16,186,33.4,84.6,27.1,Loamy,Maize,DAP
68,119,46,33.8,14.0,10.9,Loamy,Sugarcane,20-20
50,13,58,28.6,44.9,24.6,Sandy,Maize,DAP
117,6,96,20.8,78.5,23.8,Clayey,Maize,DAP
130,57,88,27.9,54.7,47.2,Red,Ground Nuts,14-35-14
28,101,122,29.4,65.3,24.4,Black,Pulses,14-35-14
36,35,118,38.8,96.7,31.3,Red,Sugarcane,14-35-14
109,43,40,45.0,41.4,17.4,Sandy,Pulses,14-35-14
108,117,108,27.5,39.9,42.8,Red,Tobacco,14-35-14
59,73,48,32.1,53.1,17.5,Black,Sugarcane,Urea
134,52,158,17.5,58.4,21.3,Sandy,Paddy,10-26-26
112,2,106,25.0,31.9,50.0,Red,Wheat,DAP
80,145,149,42.9,97.6,49.1,Black,Ground Nuts,14-35-14
135,20,42,30.9,85.3,31.3,Red,Ground Nuts,DAP
96,89,43,30.8,61.6,55.4,Sandy,Ground Nuts,14-35-14
79,3,71,39.1,61.6,34.4,Loamy,Maize,DAP
57,126,201,17.4,78.6,17.0,Sandy,Sugarcane,10-26-26
54,111,122,18.2,56.5,53.7,Black,Maize,10-26-26
20,36,14,23.1,17.4,52.4,Loamy,Tobacco,Urea
24,55,120,32.5,71.6,26.3,Clayey,Wheat,28-28
9,61,89,30.0,47.3,40.7,Loamy,Oil seeds,14-35-14
46,132,77,42.5,35.4,40.7,Clayey,Barley,28-28
46,90,51,39.0,52.9,50.9,Red,Cotton,14-35-14
63,85,55,31.7,18.9,18.5,Black,Sugarcane,20-20
46,120,152,37.7,36.8,25.5,Red,Barley,28-28
123,76,135,17.6,52.2,52.5,Loamy,Paddy,17-17-17
134,89,78,44.2,90.8,27.1,Black,Maize,28-28
103,15,95,20.4,69.7,16.8,Clayey,Oil seeds,DAP
110,0,104,42.8,84.1,26.2,Black,Wheat,DAP
20,3,130,23.8,93.2,18.6,Sandy,Barley,Urea
125,14,165,25.7,91.4,15.9,Black,Wheat,DAP
13,90,13,18.3,47.0,57.0,Red,Tobacco,DAP
76,57,159,32.2,67.0,49.5,Red,Tobacco,28-28
21,111,194,44.0,27.8,19.1,Loamy,Pulses,14-35-14
3,29,12,16.1,41.6,48.2,Black,Paddy,Urea
36,30,73,37.4,62.2,41.6,Red,Wheat,DAP
43,81,63,41.5,23.7,44.0,Black,Ground Nuts,14-35-14
136,94,198,35.2,60.2,32.2,Sandy,Paddy,10-26-26
86,74,179,44.3,45.6,20.4,Red,Maize,10-26-26
127,25,60,27.2,99.9,39.0,Sandy,Maize,DAP
107,110,59,16.0,84.6,23.8,Black,Pulses,14-35-14
35,127,148,33.0,66.5,38.0,Clayey,Pulses,14-35-14
119,87,185,31.3,95.7,41.3,Clayey,Millets,20-20
93,71,51,25.7,30.4,52.8,Black,Pulses,14-35-14
49,92,123,35.8,48.5,19.6,Black,Ground Nuts,14-35-14
90,98,172,18.8,78.9,20.7,Clayey,Tobacco,10-26-26
108,67,113,24.0,31.3,48.7,Clayey,Millets,20-20
101,34,50,44.1,28.9,21.2,Sandy,Pulses,DAP
23,64,175,36.9,62.8,19.8,Black,Pulses,14-35-14
54,62,70,16.3,19.7,37.6,Black,Pulses,14-35-14
22,139,150,40.4,46.4,38.7,Red,Maize,10-26-26
68,67,197,25.6,83.5,21.8,Loamy,Sugarcane,20-20
64,133,198,43.6,73.9,37.0,Clayey,Millets,Urea
86,47,87,22.9,17.9,10.1,Sandy,Pulses,14-35-14
53,133,133,42.4,26.1,36.9,Loamy,Barley,28-28
57,108,110,26.9,30.2,38.1,Black,Millets,Urea
140,114,151,38.7,38.8,29.4,Black,Wheat,28-28
76,68,43,20.6,44.2,38.6,Black,Cotton,DAP
53,85,176,43.1,96.1,57.9,Clayey,Paddy,10-26-26
72,37,191,26.9,84.7,14.1,Black,Ground Nuts,14-35-14
130,36,182,32.5,22.6,25.3,Loamy,Tobacco,17-17-17
102,18,51,21.6,69.9,55.2,Loamy,Wheat,DAP
26,88,136,20.7,93.7,11.6,Loamy,Tobacco,17-17-17
40,5,129,37.8,73.9,21.9,Black,Sugarcane,DAP
137,18,67,32.1,35.5,25.6,Loamy,Pulses,DAP
97,41,193,36.8,31.8,31.7,Clayey,Tobacco,Urea
49,75,176,22.0,22.6,17.4,Clayey,Maize,10-26-26
103,4,122,28.1,68.4,16.1,Loamy,Maize,DAP
134,135,71,44.7,51.1,53.5,Black,Barley,28-28
14,115,8,37.4,42.0,43.4,Red,Barley,28-28
30,101,2,35.5,30.1,37.2,Red,Oil seeds,14-35-14
46,87,62,36.4,41.3,37.0,Sandy,Sugarcane,28-28
120,89,132,38.7,83.0,46.0,Black,Barley,28-28
50,2,127,34.1,19.4,42.6,Black,Millets,DAP
54,118,119,25.5,22.0,35.8,Sandy,Millets,Urea
111,53,45,36.1,29.2,33.2,Sandy,Barley,28-28
123,127,111,18.5,33.6,14.9,Clayey,Tobacco,14-35-14
44,145,111,35.5,38.1,43.7,Sandy,Sugarcane,DAP
41,34,165,29.8,39.5,26.3,Red,Pulses,DAP
105,144,192,27.5,78.0,52.8,Clayey,Barley,28-28
5,97,202,26.5,18.8,50.5,Loamy,Oil seeds,14-35-14
12,18,97,20.9,51.0,35.1,Black,Pulses,Urea
90,58,52,34.3,15.7,46.2,Clayey,Sugarcane,20-20
134,17,55,32.7,33.8,33.9,Clayey,Tobacco,DAP
67,127,76,34.6,77.4,10.1,Loamy,Sugarcane,20-20
35,1,126,31.7,87.7,21.6,Clayey,Wheat,DAP
22,92,154,37.9,21.2,18.0,Sandy,Oil seeds,14-35-14
101,16,186,41.2,89.4,45.0,Loamy,Pulses,DAP
33,94,86,27.1,61.6,56.9,Loamy,Paddy,28-28
73,144,49,26.1,76.8,30.5,Sandy,Cotton,14-35-14
118,64,97,34.5,89.9,19.2,Red,Tobacco,Urea
96,0,52,42.5,53.5,13.9,Loamy,Paddy,DAP
12,68,65,23.3,75.5,29.2,Clayey,Ground Nuts,14-35-14
129,14,45,24.9,23.3,56.8,Clayey,Pulses,DAP
109,96,44,25.1,81.0,52.8,Clayey,Millets,Urea
41,132,26,26.3,14.7,47.9,Loamy,Cotton,10-26-26
77,142,153,20.7,81.5,39.8,Loamy,Paddy,10-26-26
76,17,102,36.2,60.7,36.3,Black,Wheat,DAP
34,68,125,25.8,78.7,42.9,Black,Maize,10-26-26
139,143,3,22.0,52.1,17.8,Loamy,Maize,28-28
23,64,116,17.8,73.0,31.4,Loamy,Oil seeds,14-35-14
69,77,66,38.4,99.3,36.6,Black,Cotton,20-20
72,70,109,20.0,36.8,32.3,Black,Cotton,Urea
133,81,20,42.8,74.4,22.3,Sandy,Tobacco,Urea
67,109,156,35.0,94.0,44.4,Black,Millets,Urea
35,18,90,37.4,76.8,12.3,Loamy,Barley,DAP
18,40,25,44.2,17.4,57.3,Loamy,Ground Nuts,14-35-14
99,121,146,16.8,41.3,59.6,Loamy,Pulses,14-35-14
88,91,41,44.5,30.1,53.2,Red,Oil seeds,14-35-14
49,120,133,41.2,18.5,54.5,Clayey,Ground Nuts,14-35-14
47,86,128,40.8,22.7,27.4,Black,Pulses,14-35-14
81,78,149,39.1,48.4,19.4,Red,Maize,10-26-26
119,84,205,33.0,61.8,30.2,Red,Cotton,14-35-14
6,74,57,36.6,66.7,24.3,Sandy,Wheat,28-28
122,75,39,29.5,97.3,43.6,Red,Wheat,28-28
109,81,77,23.9,15.8,57.2,Clayey,Millets,Urea
22,37,171,39.6,97.6,12.9,Black,Ground Nuts,Urea
117,5,74,33.2,44.9,12.9,Sandy,Maize,DAP
135,101,80,21.0,77.9,54.3,Sandy,Barley,28-28
125,34,168,41.6,39.7,47.3,Black,Paddy,DAP
11,139,32,18.3,50.5,10.9,Clayey,Sugarcane,20-20
122,105,191,32.7,89.1,49.5,Sandy,Wheat,28-28
135,8,2,15.7,94.5,55.1,Red,Pulses,DAP
15,106,92,35.6,58.1,33.8,Red,Tobacco,10-26-26
33,59,189,36.6,69.3,36.0,Red,Ground Nuts,14-35-14
47,95,164,15.0,62.2,39.5,Red,Millets,20-20
6,48,181,33.3,73.1,33.6,Black,Pulses,14-35-14
72,100,7,37.7,99.8,55.0,Red,Ground Nuts,14-35-14
85,45,89,26.2,90.4,32.7,Loamy,Maize,28-28
74,80,127,16.6,59.9,25.1,Loamy,Pulses,14-35-14
119,87,156,29.0,55.8,53.2,Loamy,Sugarcane,20-20
112,61,46,20.1,68.3,14.3,Red,Maize,28-28
4,30,36,18.9,95.4,45.6,Sandy,Barley,Urea
42,39,62,23.0,90.6,59.0,Black,Maize,28-28
46,115,157,18.7,30.3,20.6,Black,Millets,Urea
90,95,57,19.3,88.1,29.9,Red,Ground Nuts,14-35-14
45,143,173,20.6,32.2,27.0,Red,Tobacco,10-26-26
80,44,117,42.3,85.2,18.2,Black,Cotton,DAP
22,60,164,35.4,94.7,41.9,Loamy,Ground Nuts,14-35-14
140,27,95,24.8,63.6,43.8,Red,Barley,DAP
42,41,94,43.6,20.6,14.8,Sandy,Barley,DAP
86,52,144,26.3,38.3,53.0,Clayey,Pulses,14-35-14
134,12,3,41.8,36.1,22.0,Clayey,Millets,DAP
16,31,178,21.2,93.6,20.8,Loamy,Ground Nuts,Urea
49,102,32,39.6,81.5,56.5,Loamy,Millets,20-20
56,65,118,41.3,87.3,58.2,Loamy,Maize,10-26-26
33,100,24,15.3,17.2,39.8,Loamy,Tobacco,17-17-17
30,77,52,28.0,59.4,23.7,Loamy,Oil seeds,14-35-14
82,93,104,32.7,35.9,22.9,Loamy,Cotton,DAP
17,46,159,20.3,35.3,58.7,Clayey,Cotton,28-28
123,109,117,41.7,14.6,50.8,Loamy,Paddy,10-26-26
45,48,192,33.7,96.8,51.6,Sandy,Oil seeds,14-35-14
2,59,203,30.4,38.0,18.1,Sandy,Cotton,14-35-14
57,111,47,39.7,93.3,49.5,Clayey,Cotton,14-35-14
54,40,96,21.3,38.3,35.5,Sandy,Pulses,14-35-14
18,9,119,22.6,42.5,35.0,Black,Tobacco,Urea
58,127,186,24.7,62.9,35.9,Loamy,Pulses,14-35-14
108,52,51,30.5,43.8,43.6,Black,Barley,28-28
43,5,155,35.0,81.6,45.6,Black,Barley,DAP
77,13,153,22.6,72.8,46.2,Sandy,Maize,DAP
2,138,111,23.2,47.2,18.0,Loamy,Tobacco,17-17-17
123,89,66,42.7,17.1,52.8,Loamy,Ground Nuts,14-35-14
90,115,48,29.2,78.2,50.2,Sandy,Cotton,14-35-14
52,111,158,20.2,18.1,22.3,Clayey,Paddy,10-26-26
137,47,30,16.1,85.5,39.6,Clayey,Sugarcane,20-20
65,37,168,33.5,29.8,44.0,Sandy,Pulses,14-35-14
81,76,58,22.3,95.6,27.9,Red,Oil seeds,14-35-14
77,140,31,43.8,43.6,19.5,Loamy,Paddy,14-35-14
59,32,180,36.5,20.4,55.9,Black,Cotton,DAP
40,84,88,25.5,37.5,38.9,Clayey,Cotton,Urea
11,142,50,35.6,72.9,11.3,Red,Pulses,14-35-14
114,110,60,15.3,31.2,15.7,Black,Cotton,17-17-17
86,134,82,40.2,25.4,43.0,Loamy,Millets,Urea
99,126,194,27.7,92.7,34.9,Red,Paddy,10-26-26
63,117,58,23.1,65.5,20.1,Red,Pulses,14-35-14
120,145,148,42.9,77.4,44.7,Clayey,Maize,10-26-26
136,22,77,32.3,95.9,32.1,Loamy,Oil seeds,DAP
132,60,105,34.7,15.3,13.2,Clayey,Sugarcane,20-20
130,120,82,41.6,35.1,38.7,Loamy,Maize,28-28
68,58,45,30.7,25.6,11.3,Sandy,Barley,28-28
122,72,194,25.1,20.7,19.6,Sandy,Pulses,14-35-14
110,135,164,24.9,61.2,20.0,Clayey,Wheat,28-28
14,20,125,34.7,26.6,52.0,Clayey,Barley,Urea
59,124,115,31.5,91.1,25.0,Loamy,Pulses,14-35-14
54,63,192,21.3,60.9,19.0,Sandy,Ground Nuts,14-35-14
49,110,179,32.8,24.4,26.3,Clayey,Sugarcane,10-26-26
23,89,105,22.5,76.3,38.8,Sandy,Tobacco,17-17-17
132,91,87,31.6,41.2,16.3,Sandy,Maize,28-28
11,140,63,44.1,51.4,30.3,Black,Cotton,17-17-17
73,130,195,23.9,62.4,22.5,Red,Sugarcane,20-20
13,123,42,33.1,30.1,37.1,Black,Ground Nuts,14-35-14
44,73,188,29.0,29.1,17.1,Black,Maize,10-26-26
99,22,163,36.9,73.4,15.7,Clayey,Cotton,DAP
131,21,205,28.0,54.2,45.2,Clayey,Paddy,DAP
133,133,25,21.7,57.9,36.0,Red,Barley,28-28
55,104,183,34.2,89.1,30.5,Black,Cotton,10-26-26
9,72,14,33.2,88.0,10.8,Red,Oil seeds,14-35-14
80,65,178,43.3,15.2,27.5,Clayey,Tobacco,17-17-17
54,37,200,43.0,89.4,26.0,Red,Millets,Urea
54,51,3,24.5,89.3,27.4,Sandy,Millets,Urea
108,19,48,15.5,25.1,34.8,Red,Wheat,DAP
125,42,98,34.3,67.0,21.7,Black,Tobacco,17-17-17
139,21,150,22.1,44.6,22.8,Sandy,Millets,DAP
124,140,56,16.2,96.3,12.3,Black,Ground Nuts,14-35-14
110,106,101,17.4,27.5,22.5,Red,Oil seeds,14-35-14
60,122,54,30.5,58.9,37.0,Sandy,Millets,Urea
26,30,154,24.5,44.1,48.1,Sandy,Pulses,Urea
9,39,53,20.3,83.3,54.4,Red,Pulses,Urea
72,57,76,37.6,50.6,59.8,Red,Barley,28-28
126,57,152,31.0,96.2,25.0,Black,Pulses,14-35-14
137,65,119,17.5,51.1,51.4,Red,Tobacco,14-35-14
48,47,114,21.3,95.6,13.0,Red,Pulses,14-35-14
120,123,149,38.1,84.6,44.9,Sandy,Cotton,14-35-14
110,63,42,38.9,62.9,54.7,Black,Tobacco,14-35-14
40,87,97,35.7,20.0,53.0,Sandy,Wheat,28-28
98,86,153,20.5,20.3,21.3,Sandy,Wheat,28-28
66,49,57,16.3,50.8,16.1,Clayey,Maize,28-28
12,79,199,39.2,68.8,54.3,Loamy,Sugarcane,10-26-26
72,47,17,28.1,80.7,46.0,Clayey,Oil seeds,14-35-14
99,115,89,16.1,46.5,50.5,Black,Tobacco,17-17-17
70,125,144,27.3,46.0,24.8,Clayey,Sugarcane,20-20
84,107,126,22.2,40.4,58.1,Black,Pulses,14-35-14
115,101,7,28.7,41.9,19.1,Sandy,Wheat,28-28
87,9,51,36.6,50.3,52.3,Black,Ground Nuts,DAP
82,68,49,24.9,89.4,52.2,Black,Sugarcane,20-20
111,127,35,43.3,28.9,22.9,Black,Oil seeds,14-35-14
95,106,119,20.2,84.5,26.8,Red,Cotton,14-35-14
10,36,200,20.6,70.8,37.6,Black,Sugarcane,Urea
87,134,10,42.6,38.8,46.8,Loamy,Paddy,14-35-14
88,108,34,18.5,66.1,59.2,Red,Tobacco,10-26-26
75,64,61,16.9,81.9,36.5,Clayey,Tobacco,17-17-17
39,88,166,39.2,51.7,37.7,Loamy,Ground Nuts,14-35-14
28,22,79,16.7,60.9,14.1,Red,Oil seeds,Urea
137,134,200,19.0,38.7,34.6,Black,Paddy,10-26-26
107,60,50,29.5,29.9,34.6,Clayey,Wheat,28-28
114,29,104,25.6,75.9,32.1,Red,Sugarcane,DAP
12,127,169,25.5,48.4,54.7,Black,Sugarcane,10-26-26
31,64,197,20.1,88.0,36.6,Black,Millets,Urea
109,81,124,45.0,45.3,13.1,Sandy,Paddy,20-20
15,132,156,42.2,64.3,20.7,Black,Sugarcane,10-26-26
59,57,2,30.7,92.7,58.7,Black,Oil seeds,14-35-14
110,22,98,44.6,92.4,45.9,Sandy,Paddy,DAP
39,84,45,25.7,34.3,22.2,Clayey,Oil seeds,14-35-14
68,4,153,43.4,68.9,47.6,Sandy,Ground Nuts,DAP
30,128,130,23.5,73.3,55.3,Loamy,Wheat,28-28
138,110,176,37.7,22.9,21.6,Black,Wheat,28-28
91,74,66,42.3,94.7,10.6,Red,Sugarcane,20-20
10,43,180,27.8,58.3,39.1,Clayey,Barley,DAP
138,84,84,44.5,19.2,34.4,Black,Barley,28-28
136,76,127,41.0,42.1,26.5,Black,Maize,10-26-26
100,45,186,32.0,70.3,25.4,Loamy,Wheat,DAP
108,8,62,44.5,63.1,32.1,Loamy,Maize,DAP
94,110,185,39.8,52.8,17.5,Sandy,Wheat,28-28
103,88,5,26.6,79.8,54.2,Sandy,Cotton,14-35-14
126,135,62,30.7,26.1,21.0,Red,Barley,28-28
102,116,16,16.4,50.4,53.0,Black,Barley,28-28
131,138,108,42.9,89.3,43.9,Loamy,Barley,28-28
113,64,92,20.6,22.8,25.1,Red,Millets,20-20
58,30,63,30.3,29.6,58.2,Sandy,Oil seeds,DAP
97,11,59,21.6,44.2,11.0,Loamy,Wheat,DAP
140,71,189,24.4,64.5,44.0,Red,Pulses,14-35-14
1,120,58,34.7,24.3,54.0,Clayey,Cotton,28-28
84,75,127,22.4,88.3,25.7,Clayey,Wheat,28-28
33,111,137,43.5,75.6,34.6,Clayey,Maize,10-26-26
39,36,77,35.3,72.9,20.9,Sandy,Paddy,28-28
64,43,19,31.1,25.8,36.9,Sandy,Pulses,14-35-14
79,99,5,40.7,31.1,53.8,Sandy,Ground Nuts,14-35-14
113,57,174,38.0,48.8,53.6,Clayey,Tobacco,DAP
105,0,74,18.3,81.9,18.4,Loamy,Ground Nuts,DAP
129,109,18,26.8,86.6,50.3,Red,Ground Nuts,14-35-14
99,70,6,21.1,69.4,59.7,Clayey,Paddy,DAP
64,61,19,29.1,37.1,12.8,Clayey,Oil seeds,14-35-14
44,10,199,24.2,59.9,16.7,Clayey,Ground Nuts,DAP
97,4,190,44.5,43.7,28.6,Black,Maize,DAP
71,28,179,32.4,58.7,56.5,Clayey,Oil seeds,DAP
33,116,28,32.2,27.0,25.6,Clayey,Sugarcane,17-17-17
101,109,81,41.7,65.1,50.3,Loamy,Millets,Urea
125,18,63,44.7,35.0,19.9,Clayey,Ground Nuts,DAP
69,127,125,39.8,79.5,34.9,Red,Maize,10-26-26
125,21,82,25.6,53.5,59.1,Sandy,Maize,DAP
102,100,141,43.3,49.3,44.0,Red,Sugarcane,20-20
27,1,126,37.1,94.5,58.0,Sandy,Oil seeds,Urea
96,104,23,19.0,47.2,57.1,Black,Cotton,17-17-17
61,42,196,24.3,53.1,45.7,Sandy,Pulses,14-35-14
20,42,200,20.6,49.0,46.5,Black,Tobacco,Urea
58,145,76,16.1,67.2,16.6,Black,Paddy,17-17-17
117,13,138,30.0,34.6,39.5,Red,Millets,DAP
27,15,49,15.5,58.9,26.8,Red,Wheat,Urea
61,83,153,30.2,73.5,41.5,Sandy,Paddy,10-26-26
97,1,52,39.3,50.8,45.1,Sandy,Paddy,DAP
2,78,16,34.4,35.2,29.7,Loamy,Ground Nuts,14-35-14
108,15,194,32.8,48.3,51.8,Clayey,Maize,DAP
40,21,114,40.9,57.3,44.2,Loamy,Cotton,DAP
21,52,92,23.7,34.0,56.2,Red,Oil seeds,14-35-14
54,20,25,26.5,77.5,48.7,Black,Maize,DAP
19,19,73,35.6,16.9,50.9,Clayey,Cotton,Urea
3,3,136,43.2,56.5,14.3,Clayey,Oil seeds,Urea
98,126,31,35.5,54.2,14.6,Red,Wheat,28-28
139,17,140,15.2,50.4,16.9,Black,Maize,DAP
0,42,54,36.5,83.6,32.6,Red,Barley,DAP
109,83,89,31.3,77.6,40.3,Clayey,Tobacco,DAP
52,144,63,24.7,57.8,43.7,Sandy,Tobacco,20-20
134,7,77,32.2,15.6,22.5,Clayey,Millets,DAP
77,65,181,17.1,95.1,48.7,Clayey,Ground Nuts,14-35-14
82,143,155,22.2,33.1,57.6,Clayey,Paddy,10-26-26
63,32,80,30.3,68.1,30.9,Red,Barley,DAP
67,86,20,25.0,64.9,45.8,Sandy,Tobacco,17-17-17
77,123,139,38.1,89.5,15.2,Red,Cotton,14-35-14
5,66,160,27.3,65.8,60.0,Clayey,Oil seeds,14-35-14
135,63,125,16.3,62.1,37.2,Clayey,Maize,10-26-26
85,20,181,44.7,46.2,48.0,Clayey,Paddy,DAP
6,71,128,29.3,61.2,19.9,Black,Oil seeds,14-35-14
101,34,201,16.5,72.7,22.6,Clayey,Maize,DAP
15,12,99,17.5,30.0,21.0,Clayey,Barley,Urea
32,114,18,44.7,36.8,13.1,Black,Cotton,Urea
74,22,160,35.7,37.4,51.6,Black,Millets,DAP
5,39,192,24.1,70.3,34.4,Loamy,Maize,Urea
8,68,188,35.3,76.6,44.1,Clayey,Ground Nuts,14-35-14
101,7,176,29.2,88.7,30.7,Black,Maize,DAP
16,60,130,36.5,64.1,17.2,Black,Sugarcane,Urea
118,133,54,33.9,60.4,12.6,Red,Wheat,28-28
7,67,106,28.5,88.4,17.5,Red,Cotton,14-35-14
101,114,134,17.8,34.6,15.0,Sandy,Pulses,14-35-14
32,72,176,26.0,46.3,35.2,Clayey,Pulses,14-35-14
79,137,13,23.3,29.5,55.1,Red,Paddy,Urea
24,125,7,26.5,24.2,22.2,Sandy,Paddy,DAP
66,145,110,25.3,33.4,42.0,Red,Tobacco,20-20
60,87,14,43.1,96.2,52.8,Clayey,Pulses,14-35-14
44,34,25,39.4,33.4,36.3,Black,Wheat,DAP
112,133,138,38.0,78.0,55.2,Red,Wheat,28-28
59,53,92,40.9,23.4,25.9,Clayey,Sugarcane,17-17-17
57,112,179,34.2,54.3,52.9,Black,Pulses,14-35-14
135,141,135,25.9,70.0,43.1,Sandy,Millets,Urea
13,1,188,44.4,75.2,30.9,Loamy,Ground Nuts,Urea
11,145,25,18.4,74.6,52.5,Sandy,Ground Nuts,14-35-14
89,40,174,27.9,49.0,31.6,Clayey,Maize,10-26-26
135,76,79,29.8,39.7,17.9,Clayey,Paddy,17-17-17
82,49,24,38.6,28.6,15.4,Red,Cotton,14-35-14
58,47,132,30.7,20.8,15.9,Loamy,Millets,Urea
65,79,166,19.7,80.1,45.9,Red,Cotton,14-35-14
125,123,157,24.7,84.8,49.2,Clayey,Cotton,10-26-26
35,86,117,17.7,14.8,10.9,Clayey,Cotton,14-35-14
104,72,118,37.9,25.5,14.4,Red,Ground Nuts,14-35-14
138,52,141,31.2,88.0,14.9,Red,Ground Nuts,14-35-14
25,19,124,34.2,48.9,58.6,Loamy,Tobacco,Urea
59,83,119,42.1,15.2,37.3,Red,Pulses,14-35-14
42,95,118,42.5,53.9,15.2,Black,Wheat,28-28
41,76,69,28.2,15.5,59.7,Black,Pulses,14-35-14
32,14,13,27.7,19.7,50.5,Black,Sugarcane,Urea
15,98,165,32.5,41.3,40.5,Red,Ground Nuts,14-35-14
58,136,25,34.3,71.5,51.6,Loamy,Sugarcane,28-28
79,62,24,23.9,29.7,40.8,Loamy,Paddy,28-28
19,78,138,37.6,46.3,34.3,Loamy,Cotton,28-28
9,57,161,40.4,93.1,32.5,Red,Sugarcane,DAP
61,86,72,25.3,69.7,29.6,Clayey,Maize,28-28
62,142,35,42.0,32.8,41.3,Black,Maize,28-28
99,40,192,41.3,27.8,37.4,Sandy,Ground Nuts,14-35-14
47,129,156,31.3,30.5,36.9,Loamy,Sugarcane,10-26-26
131,112,67,15.6,34.1,47.9,Sandy,Pulses,14-35-14
6,112,35,26.1,32.3,54.2,Red,Oil seeds,14-35-14
134,101,139,44.3,56.0,12.9,Red,Maize,10-26-26
32,86,72,29.0,42.0,48.3,Clayey,Maize,28-28
107,25,37,15.9,27.1,17.1,Clayey,Oil seeds,DAP
65,41,37,35.1,25.9,43.6,Loamy,Paddy,20-20
107,118,150,27.0,41.4,54.4,Sandy,Barley,28-28
56,128,199,39.8,36.8,46.3,Red,Millets,Urea
103,28,47,23.4,86.0,42.2,Sandy,Cotton,DAP
66,131,74,41.7,41.7,10.7,Loamy,Maize,28-28
133,122,48,21.9,35.7,33.3,Black,Oil seeds,14-35-14
32,52,39,39.3,93.1,31.4,Clayey,Paddy,20-20
130,66,32,30.0,82.3,42.6,Sandy,Pulses,14-35-14
134,142,25,20.3,59.8,27.8,Loamy,Maize,28-28
20,78,157,15.6,22.9,27.4,Sandy,Wheat,28-28
41,49,111,24.7,73.0,20.8,Sandy,Tobacco,17-17-17
139,58,75,17.3,71.1,55.6,Red,Wheat,28-28
66,76,136,41.0,47.7,28.3,Sandy,Maize,10-26-26
79,56,109,40.9,27.6,35.7,Red,Ground Nuts,14-35-14
47,126,168,24.8,96.5,57.5,Clayey,Tobacco,10-26-26
9,144,185,30.0,30.7,33.9,Loamy,Tobacco,17-17-17
41,3,19,20.1,84.3,28.4,Sandy,Oil seeds,DAP
46,12,143,44.1,45.5,40.5,Sandy,Wheat,DAP
116,9,121,33.4,20.0,35.4,Clayey,Wheat,DAP
51,91,58,35.2,56.0,14.5,Black,Sugarcane,DAP
7,105,190,40.6,20.6,27.2,Sandy,Oil seeds,14-35-14
12,136,51,27.2,47.5,50.5,Black,Cotton,10-26-26
62,94,80,22.0,20.3,39.5,Clayey,Paddy,20-20
92,145,139,26.4,55.2,19.3,Sandy,Pulses,14-35-14
54,8,11,29.0,21.4,12.8,Sandy,Millets,DAP
124,49,106,15.2,99.1,28.2,Red,Oil seeds,14-35-14
52,113,62,23.1,98.7,52.7,Black,Sugarcane,10-26-26
36,129,191,42.1,38.5,42.7,Red,Oil seeds,14-35-14
45,109,45,29.7,71.3,28.6,Loamy,Barley,28-28
21,69,182,24.2,22.8,13.1,Sandy,Oil seeds,14-35-14
139,42,16,41.9,93.1,55.4,Red,Maize,28-28
133,6,173,42.9,64.9,16.1,Red,Paddy,DAP
90,60,165,41.2,63.1,53.9,Sandy,Cotton,14-35-14
87,75,7,29.5,18.3,35.0,Clayey,Cotton,DAP
88,76,53,44.5,57.3,32.8,Sandy,Pulses,14-35-14
9,43,129,33.3,74.9,43.0,Sandy,Tobacco,DAP
88,0,129,37.4,31.3,27.1,Black,Cotton,DAP
140,113,55,36.2,25.2,41.9,Black,Pulses,14-35-14
56,101,168,44.9,98.3,36.9,Red,Ground Nuts,14-35-14
56,91,35,42.8,56.2,52.1,Clayey,Ground Nuts,14-35-14
121,108,146,41.5,23.3,31.4,Clayey,Tobacco,10-26-26
36,13,94,15.8,62.6,14.8,Clayey,Oil seeds,DAP
22,27,131,41.9,38.8,22.5,Sandy,Pulses,Urea
5,52,203,27.0,17.2,48.4,Sandy,Cotton,14-35-14
81,122,200,26.9,98.6,22.2,Black,Wheat,28-28
2,21,199,36.5,52.5,53.7,Clayey,Millets,Urea
9,58,50,26.8,48.6,42.5,Sandy,Sugarcane,Urea
38,135,152,23.3,88.3,10.2,Clayey,Oil seeds,14-35-14
138,133,69,37.8,81.9,56.5,Black,Cotton,Urea
80,33,75,34.6,39.0,39.3,Black,Millets,DAP
26,53,54,15.4,57.1,44.9,Loamy,Millets,Urea
2,128,5,16.3,64.7,37.5,Loamy,Pulses,14-35-14
72,46,84,38.8,65.2,35.7,Red,Paddy,28-28
19,42,9,36.2,34.0,54.0,Loamy,Maize,17-17-17
70,83,2,26.8,32.7,48.0,Sandy,Ground Nuts,14-35-14
137,113,78,32.1,17.4,47.5,Black,Sugarcane,20-20
94,61,141,36.4,92.9,43.3,Clayey,Sugarcane,20-20
8,19,185,21.6,21.4,30.8,Clayey,Ground Nuts,Urea
135,66,18,42.3,86.0,43.3,Sandy,Ground Nuts,14-35-14
50,125,79,35.8,44.0,54.2,Black,Tobacco,Urea
11,109,132,31.5,35.5,28.6,Black,Tobacco,10-26-26
126,29,23,25.4,22.8,21.6,Sandy,Pulses,DAP
49,137,198,26.8,69.6,31.8,Clayey,Wheat,28-28
79,80,86,39.0,53.4,20.0,Black,Wheat,28-28
95,92,2,33.4,88.9,44.8,Sandy,Ground Nuts,14-35-14
28,144,73,39.6,29.3,45.0,Clayey,Maize,28-28
11,143,24,24.3,64.1,46.6,Red,Wheat,28-28
17,53,111,42.3,37.8,20.3,Red,Tobacco,Urea
53,86,4,39.4,83.9,39.3,Red,Sugarcane,17-17-17
131,73,64,22.4,73.2,54.6,Clayey,Wheat,28-28
124,86,204,37.6,19.8,20.9,Sandy,Ground Nuts,14-35-14
118,130,125,16.0,38.0,36.5,Clayey,Millets,Urea
102,104,119,27.0,25.9,15.8,Loamy,Maize,10-26-26
43,82,40,17.5,98.7,39.4,Clayey,Oil seeds,14-35-14
3,107,59,30.2,17.8,12.4,Red,Maize,28-28
61,26,53,28.8,92.1,18.4,Red,Ground Nuts,DAP
44,83,146,30.1,41.0,19.0,Sandy,Pulses,14-35-14
92,62,32,43.0,17.2,35.0,Clayey,Maize,28-28
124,52,87,27.8,24.7,36.5,Clayey,Paddy,Urea
105,25,17,22.9,33.0,19.8,Red,Ground Nuts,DAP
70,64,32,43.7,53.7,11.5,Loamy,Maize,28-28
101,130,5,22.9,63.5,51.1,Sandy,Tobacco,Urea
44,99,101,31.5,39.5,24.4,Clayey,Barley,28-28
34,54,152,26.0,17.4,26.3,Loamy,Oil seeds,14-35-14
66,144,200,22.7,97.7,29.0,Loamy,Pulses,14-35-14
114,27,15,25.1,23.6,24.1,Sandy,Oil seeds,DAP
109,102,76,18.5,42.8,26.0,Loamy,Sugarcane,20-20
53,39,193,17.4,98.3,55.9,Black,Oil seeds,14-35-14
93,100,171,31.3,55.9,29.1,Loamy,Sugarcane,20-20
15,15,197,30.3,74.3,52.8,Loamy,Ground Nuts,Urea
115,5,31,40.5,44.4,22.0,Clayey,Barley,DAP
76,126,85,44.4,41.5,47.2,Clayey,Maize,28-28
46,84,93,32.2,94.6,10.4,Sandy,Cotton,14-35-14
66,70,130,44.0,96.6,21.3,Sandy,Cotton,14-35-14
63,30,116,20.8,21.0,49.8,Clayey,Sugarcane,DAP
93,82,45,35.2,39.1,32.9,Red,Pulses,14-35-14
60,104,80,33.7,17.2,51.0,Sandy,Maize,28-28
103,55,133,39.3,57.5,45.1,Loamy,Sugarcane,20-20
130,111,132,22.4,96.6,13.4,Black,Barley,28-28
47,48,33,26.5,83.6,39.2,Red,Millets,Urea
104,92,195,40.9,45.0,42.0,Black,Sugarcane,20-20
10,35,81,37.7,59.2,41.2,Black,Ground Nuts,Urea
0,124,59,44.9,51.4,11.2,Sandy,Maize,28-28
25,41,177,16.6,73.2,13.7,Sandy,Maize,10-26-26
114,47,1,41.5,44.2,37.6,Red,Barley,DAP
106,20,41,25.9,24.8,17.2,Sandy,Millets,DAP
68,79,190,40.1,63.2,53.6,Sandy,Paddy,17-17-17
41,46,158,41.1,60.6,26.4,Red,Sugarcane,14-35-14
108,26,186,19.6,59.4,39.7,Sandy,Cotton,DAP
28,29,103,40.5,80.9,46.2,Sandy,Millets,Urea
54,35,55,29.0,54.4,29.0,Red,Cotton,14-35-14
86,63,187,39.3,15.2,55.3,Sandy,Paddy,28-28
19,53,0,42.3,52.0,47.3,Red,Millets,20-20
109,90,94,35.6,40.3,17.4,Clayey,Millets,Urea
95,57,135,19.0,87.1,58.9,Clayey,Cotton,Urea
104,145,146,20.6,93.7,45.3,Loamy,Ground Nuts,14-35-14
50,4,133,28.0,80.9,37.7,Black,Ground Nuts,DAP
95,43,142,15.4,84.6,41.8,Red,Tobacco,17-17-17
127,20,20,23.0,32.7,51.2,Loamy,Ground Nuts,DAP
16,72,11,40.7,92.2,32.5,Red,Barley,28-28
51,36,116,24.4,92.2,43.6,Red,Barley,DAP
124,136,13,43.0,68.0,59.7,Black,Pulses,14-35-14
0,74,64,25.5,64.2,53.5,Sandy,Cotton,14-35-14
120,46,89,33.3,36.7,21.5,Red,Sugarcane,20-20
84,123,56,22.3,90.6,15.5,Sandy,Oil seeds,14-35-14
51,37,86,36.0,67.1,38.7,Red,Pulses,14-35-14
25,2,1,38.7,96.9,40.4,Clayey,Oil seeds,Urea
69,51,30,36.2,69.0,53.9,Red,Barley,28-28
17,14,184,24.1,31.2,37.1,Loamy,Cotton,Urea
14,16,50,35.7,17.9,26.9,Red,Barley,Urea
81,144,195,44.9,77.3,14.4,Clayey,Barley,28-28
22,94,159,42.7,65.5,19.4,Sandy,Ground Nuts,14-35-14
29,103,164,25.1,46.8,46.7,Black,Barley,28-28
12,62,101,20.1,32.2,36.6,Black,Oil seeds,14-35-14
103,110,171,36.5,73.8,39.3,Clayey,Millets,Urea
74,74,200,19.1,84.3,46.8,Sandy,Barley,28-28
105,32,42,34.9,71.9,25.7,Red,Maize,DAP
19,40,43,41.5,33.2,15.6,Clayey,Sugarcane,10-26-26
100,56,166,42.4,17.1,22.2,Loamy,Wheat,28-28
25,120,49,15.4,95.8,49.8,Clayey,Paddy,14-35-14
72,135,193,26.2,81.4,32.3,Red,Tobacco,10-26-26
128,107,132,34.4,97.4,27.2,Sandy,Paddy,17-17-17
64,63,67,24.4,98.8,33.3,Black,Millets,20-20
126,64,129,35.0,57.6,54.5,Clayey,Tobacco,28-28
70,105,49,17.9,82.2,51.3,Red,Millets,Urea
45,129,96,41.2,47.9,19.0,Loamy,Maize,28-28
83,71,178,27.4,50.1,14.4,Clayey,Maize,10-26-26
40,132,65,43.5,20.3,40.0,Black,Maize,28-28
65,67,11,22.4,44.4,41.9,Black,Paddy,17-17-17
5,32,156,27.4,55.5,33.0,Clayey,Pulses,Urea
54,63,85,36.0,14.8,26.9,Red,Paddy,14-35-14
17,21,183,32.7,27.0,22.3,Clayey,Cotton,Urea
10,12,96,30.2,69.9,57.8,Loamy,Pulses,Urea
30,126,5,30.0,49.3,13.9,Sandy,Tobacco,28-28
96,0,171,27.2,81.3,51.8,Black,Oil seeds,DAP
102,59,85,21.6,40.7,13.5,Clayey,Millets,Urea
119,142,187,28.4,28.1,27.3,Sandy,Pulses,14-35-14
129,54,14,30.1,75.8,17.8,Sandy,Ground Nuts,14-35-14
115,73,115,18.7,26.9,49.1,Loamy,Maize,10-26-26
27,107,205,40.7,89.2,39.1,Clayey,Millets,Urea
87,133,185,15.5,86.5,38.9,Loamy,Wheat,28-28
133,107,50,36.7,39.9,10.1,Black,Cotton,DAP
13,99,186,44.6,40.0,11.5,Loamy,Ground Nuts,14-35-14
136,94,24,17.9,51.2,26.9,Loamy,Wheat,28-28
38,143,17,29.1,82.9,33.0,Loamy,Oil seeds,14-35-14
3,83,147,42.7,63.2,13.5,Clayey,Paddy,10-26-26
17,127,166,31.4,55.3,56.2,Red,Maize,10-26-26
12,54,87,38.6,85.9,37.3,Sandy,Barley,28-28
43,15,133,43.2,93.2,54.2,Clayey,Ground Nuts,DAP
119,34,9,27.3,70.9,41.7,Clayey,Tobacco,DAP
82,78,85,27.7,34.8,26.4,Loamy,Wheat,28-28
41,88,86,29.7,21.9,18.0,Clayey,Tobacco,Urea
134,132,50,17.2,48.6,10.1,Sandy,Ground Nuts,14-35-14
98,138,187,37.4,57.8,55.1,Loamy,Barley,28-28
21,2,141,24.0,41.9,19.1,Black,Sugarcane,Urea
138,109,40,19.9,59.1,23.5,Sandy,Pulses,14-35-14
26,80,180,26.4,83.3,42.7,Loamy,Wheat,28-28
15,34,163,26.5,98.9,45.3,Red,Oil seeds,Urea
22,118,62,21.1,34.0,30.8,Loamy,Paddy,DAP
16,38,76,20.6,54.5,54.4,Sandy,Ground Nuts,Urea
43,35,98,32.2,42.9,19.1,Sandy,Millets,Urea
30,84,44,22.7,26.9,27.5,Black,Pulses,14-35-14
119,80,37,32.0,37.4,17.3,Sandy,Barley,28-28
60,35,53,39.8,20.5,27.4,Loamy,Maize,28-28
63,118,91,40.4,56.4,34.9,Sandy,Ground Nuts,14-35-14
75,143,100,22.6,90.7,57.1,Red,Oil seeds,14-35-14
20,65,135,30.3,62.6,10.3,Black,Millets,Urea
81,50,55,21.9,27.6,41.4,Black,Cotton,DAP
127,16,81,45.0,78.4,40.7,Red,Pulses,DAP
97,143,161,20.1,85.3,37.6,Loamy,Wheat,28-28
112,124,126,30.5,86.2,46.5,Loamy,Tobacco,17-17-17
105,27,175,25.2,30.8,17.5,Loamy,Maize,DAP
94,63,64,23.7,31.7,33.8,Loamy,Millets,Urea
105,53,203,32.6,57.2,19.8,Black,Maize,10-26-26
33,98,200,42.8,36.6,21.6,Red,Ground Nuts,14-35-14
35,62,153,37.9,77.3,50.7,Black,Maize,10-26-26
97,11,149,26.3,73.9,55.0,Sandy,Barley,DAP
132,51,12,21.0,82.2,31.5,Sandy,Ground Nuts,14-35-14
140,46,88,30.7,86.5,15.6,Black,Wheat,DAP
42,73,22,35.5,68.5,31.4,Black,Oil seeds,14-35-14
110,16,85,39.1,32.5,36.4,Sandy,Cotton,DAP
0,116,177,26.1,31.6,45.5,Loamy,Sugarcane,10-26-26
27,33,38,26.5,69.7,55.4,Loamy,Oil seeds,Urea
120,106,130,28.1,20.3,34.9,Red,Tobacco,28-28
136,117,162,40.7,58.2,44.2,Clayey,Barley,28-28
57,29,156,23.4,38.7,13.8,Loamy,Millets,DAP
117,113,74,17.0,70.0,34.4,Sandy,Sugarcane,20-20
96,2,178,31.6,95.3,35.9,Clayey,Oil seeds,DAP
139,136,104,15.4,42.6,13.1,Clayey,Pulses,14-35-14
84,11,125,43.5,50.9,13.9,Sandy,Cotton,DAP
131,89,61,38.2,88.9,20.7,Red,Pulses,14-35-14
100,46,136,40.7,91.9,52.5,Red,Cotton,14-35-14
27,78,13,17.4,80.1,17.1,Loamy,Paddy,20-20
57,47,48,40.0,50.2,54.6,Sandy,Maize,28-28
122,137,69,28.4,40.8,23.4,Sandy,Cotton,14-35-14
62,48,55,39.4,39.5,20.7,Loamy,Sugarcane,20-20
46,106,193,30.6,67.4,14.6,Red,Cotton,14-35-14
46,139,102,39.4,78.0,39.5,Sandy,Pulses,14-35-14
59,65,86,31.8,35.8,21.5,Clayey,Cotton,17-17-17
135,97,48,33.6,86.8,18.5,Sandy,Pulses,14-35-14
17,49,88,22.9,54.4,53.9,Black,Millets,Urea
75,90,186,30.5,18.2,13.6,Clayey,Millets,20-20
34,111,202,19.9,77.2,46.4,Black,Paddy,17-17-17
25,2,58,16.9,82.4,41.1,Black,Millets,Urea
35,85,97,26.3,45.7,19.7,Sandy,Maize,28-28
26,67,13,26.0,55.2,19.3,Clayey,Sugarcane,14-35-14
60,84,182,43.7,21.2,42.2,Sandy,Wheat,28-28
14,144,33,19.9,31.4,54.5,Red,Millets,20-20
73,54,193,35.6,59.9,21.8,Black,Tobacco,10-26-26
2,69,159,30.2,59.3,12.0,Black,Cotton,Urea
138,77,79,38.7,44.5,57.7,Black,Wheat,28-28
17,101,134,21.3,67.2,22.3,Clayey,Oil seeds,14-35-14
113,20,155,40.4,70.0,57.9,Black,Maize,DAP
54,42,49,32.7,43.9,10.3,Loamy,Tobacco,17-17-17
30,73,180,39.6,39.8,50.8,Red,Tobacco,20-20
134,3,166,23.7,97.3,26.0,Sandy,Cotton,DAP
119,118,154,23.6,39.6,33.4,Red,Tobacco,10-26-26
7,113,180,39.1,70.9,26.2,Sandy,Tobacco,10-26-26
93,27,170,38.5,15.9,22.0,Red,Pulses,DAP
121,104,68,30.7,32.5,45.9,Black,Ground Nuts,14-35-14
108,96,0,42.4,59.3,16.9,Black,Tobacco,Urea
104,95,60,29.1,94.2,46.0,Red,Millets,Urea
120,47,201,39.4,62.3,37.3,Red,Millets,20-20
33,83,134,33.5,41.7,38.5,Red,Barley,28-28
132,75,162,37.2,92.8,32.9,Red,Tobacco,Urea
47,83,92,35.0,15.5,36.3,Clayey,Pulses,14-35-14
120,2,36,35.5,96.8,25.0,Clayey,Paddy,DAP
86,39,177,34.4,57.0,41.6,Sandy,Sugarcane,20-20
119,108,158,23.6,35.8,40.8,Sandy,Maize,10-26-26
97,13,169,33.9,50.7,55.1,Black,Cotton,DAP
83,60,105,19.7,37.9,10.1,Black,Oil seeds,14-35-14
133,128,179,29.5,63.4,17.4,Clayey,Cotton,10-26-26
35,62,79,38.1,33.2,40.8,Black,Ground Nuts,14-35-14
83,104,188,16.5,85.4,55.3,Clayey,Oil seeds,14-35-14
69,31,79,19.4,39.1,25.2,Red,Barley,DAP
30,19,146,33.3,81.6,26.7,Black,Paddy,10-26-26
83,137,146,43.9,67.9,17.6,Sandy,Wheat,28-28
50,100,70,31.4,51.3,58.1,Black,Sugarcane,10-26-26
76,1,50,24.4,79.5,51.6,Clayey,Barley,DAP
69,19,22,24.2,33.1,20.6,Black,Sugarcane,DAP
114,122,35,28.7,26.8,30.2,Sandy,Millets,Urea
1,113,113,21.3,28.0,37.4,Red,Pulses,14-35-14
20,0,131,28.5,24.5,28.9,Sandy,Cotton,Urea
6,50,2,15.1,89.0,32.2,Red,Maize,28-28
54,43,80,20.8,86.3,18.5,Red,Cotton,14-35-14
105,102,61,38.9,59.2,14.6,Black,Paddy,17-17-17
14,15,12,21.5,48.8,48.8,Sandy,Ground Nuts,Urea
80,93,140,19.6,31.8,30.0,Loamy,Sugarcane,20-20
93,38,36,29.7,90.1,21.6,Loamy,Cotton,DAP
42,130,168,44.1,83.6,47.6,Loamy,Barley,28-28
67,91,9,26.6,91.3,18.9,Red,Maize,28-28
21,115,90,27.7,56.3,52.8,Sandy,Wheat,28-28
129,38,45,25.8,29.7,58.0,Loamy,Maize,28-28
8,104,133,25.8,47.7,49.7,Loamy,Oil seeds,14-35-14
83,6,167,44.6,39.7,40.8,Black,Tobacco,DAP
17,15,51,31.8,66.4,53.8,Loamy,Sugarcane,Urea
112,123,14,36.8,65.3,24.8,Sandy,Pulses,14-35-14
21,127,201,15.0,38.3,39.2,Black,Ground Nuts,14-35-14
75,6,193,30.3,76.4,34.9,Red,Wheat,DAP
53,66,92,26.6,14.3,40.7,Black,Wheat,28-28
55,103,202,23.1,77.0,40.5,Sandy,Sugarcane,10-26-26
94,5,29,15.2,36.7,20.0,Red,Paddy,DAP
98,68,62,22.7,52.2,43.0,Clayey,Oil seeds,14-35-14
117,9,45,20.4,60.5,32.5,Sandy,Tobacco,DAP
12,133,185,39.6,68.1,45.8,Sandy,Cotton,14-35-14
116,41,80,38.8,97.1,46.4,Loamy,Paddy,Urea
36,41,192,21.1,41.9,10.4,Loamy,Tobacco,17-17-17
33,0,52,18.5,21.9,26.8,Loamy,Wheat,DAP
41,70,116,38.2,67.5,33.8,Sandy,Wheat,28-28
8,26,205,16.2,56.6,17.4,Black,Maize,Urea
129,144,82,18.3,32.9,39.8,Sandy,Barley,28-28
97,50,87,30.0,19.6,17.2,Loamy,Wheat,28-28
75,25,175,22.3,44.0,18.1,Red,Oil seeds,DAP
107,119,188,25.5,69.4,16.9,Sandy,Ground Nuts,14-35-14
114,71,45,15.7,26.7,11.3,Red,Sugarcane,20-20
18,70,38,44.9,65.6,11.7,Loamy,Paddy,14-35-14
31,125,146,43.0,60.0,44.7,Black,Tobacco,10-26-26
40,86,175,18.2,26.0,35.6,Red,Sugarcane,10-26-26
23,60,54,19.7,60.5,14.9,Sandy,Barley,28-28
128,84,152,26.7,19.6,29.4,Loamy,Wheat,28-28
72,6,74,43.8,42.0,59.2,Sandy,Cotton,DAP
55,137,173,41.6,58.9,16.8,Clayey,Barley,28-28
51,92,180,37.4,67.0,53.7,Loamy,Cotton,10-26-26
49,32,72,24.0,53.1,36.3,Loamy,Barley,DAP
39,51,15,19.2,14.4,10.5,Sandy,Oil seeds,14-35-14
22,130,157,39.6,89.7,52.5,Sandy,Barley,28-28
43,11,7,17.7,22.8,55.1,Loamy,Oil seeds,DAP
29,116,177,27.2,52.0,13.0,Clayey,Paddy,10-26-26
13,107,45,32.9,49.3,51.9,Loamy,Oil seeds,14-35-14
138,97,90,41.5,57.8,42.2,Sandy,Pulses,14-35-14
112,80,189,42.9,91.0,16.9,Red,Ground Nuts,14-35-14
56,14,40,22.4,65.8,16.5,Black,Maize,DAP
140,25,132,29.8,87.7,37.3,Black,Barley,DAP
94,133,65,37.0,93.2,22.6,Loamy,Wheat,28-28
55,117,178,30.8,74.6,53.0,Clayey,Pulses,14-35-14
67,47,174,16.2,83.4,44.0,Black,Millets,20-20
136,0,115,18.7,20.7,32.4,Red,Millets,DAP
128,78,199,22.1,86.5,52.7,Loamy,Pulses,14-35-14
117,51,198,31.8,45.2,42.1,Clayey,Paddy,17-17-17
43,140,72,32.8,86.3,11.5,Sandy,Maize,28-28
35,101,185,24.8,70.6,16.2,Clayey,Tobacco,10-26-26
57,75,120,17.2,54.9,31.1,Loamy,Sugarcane,17-17-17
103,66,88,26.1,75.5,28.5,Black,Cotton,20-20
41,19,47,39.5,35.5,56.6,Black,Barley,DAP
5,38,10,29.0,69.5,37.8,Clayey,Paddy,Urea
36,15,69,33.2,42.5,35.5,Loamy,Tobacco,DAP
129,137,203,40.7,31.6,38.8,Black,Sugarcane,20-20
129,43,96,17.4,75.9,27.4,Loamy,Paddy,10-26-26
111,88,127,19.4,34.4,38.6,Clayey,Ground Nuts,14-35-14
107,81,9,29.7,52.5,58.7,Red,Oil seeds,14-35-14
16,127,152,31.3,83.7,42.4,Loamy,Maize,10-26-26
29,122,130,21.4,55.8,58.0,Red,Tobacco,Urea
68,110,83,43.5,74.1,35.5,Clayey,Ground Nuts,14-35-14
140,79,201,42.2,44.9,13.2,Red,Millets,Urea
11,9,133,38.2,49.9,58.6,Black,Wheat,Urea
0,134,190,22.3,86.1,33.5,Clayey,Millets,Urea
132,24,10,22.8,22.2,16.8,Black,Tobacco,DAP
62,91,37,19.3,60.6,40.7,Loamy,Pulses,14-35-14
66,142,104,34.7,51.2,44.0,Clayey,Maize,10-26-26
127,133,96,15.7,71.5,52.3,Red,Millets,Urea
59,59,4,32.2,49.7,15.9,Red,Barley,28-28
8,44,200,15.3,79.6,47.0,Black,Maize,10-26-26
9,15,91,38.4,56.3,57.6,Red,Cotton,Urea
36,136,60,23.6,29.9,58.6,Black,Wheat,28-28
49,12,24,17.3,62.8,31.5,Sandy,Wheat,DAP
52,75,103,40.6,28.9,21.1,Black,Pulses,14-35-14
35,103,53,20.3,28.4,39.3,Clayey,Wheat,28-28
47,90,169,33.9,24.6,34.6,Loamy,Ground Nuts,14-35-14
77,32,61,39.3,92.1,50.7,Loamy,Maize,DAP
68,110,159,15.8,52.7,42.6,Black,Paddy,10-26-26
12,107,111,31.5,37.6,49.8,Sandy,Oil seeds,14-35-14
80,102,33,26.0,46.4,47.2,Red,Cotton,14-35-14
25,141,95,27.9,31.5,37.8,Clayey,Millets,Urea
129,1,2,44.7,35.7,33.6,Clayey,Sugarcane,DAP
87,112,183,33.9,33.6,33.4,Sandy,Tobacco,10-26-26
23,63,55,31.5,74.2,30.3,Loamy,Wheat,28-28
46,22,203,38.8,19.3,14.1,Loamy,Tobacco,DAP
4,75,6,43.7,95.9,24.0,Black,Paddy,10-26-26
19,71,119,38.7,93.3,16.0,Loamy,Cotton,DAP
138,29,8,25.6,73.7,57.1,Red,Barley,DAP
46,97,149,26.8,68.5,54.7,Loamy,Wheat,28-28
93,119,74,17.6,43.0,29.9,Red,Cotton,14-35-14
20,0,185,18.6,94.4,24.8,Loamy,Oil seeds,Urea
5,75,167,26.1,83.6,23.5,Clayey,Tobacco,14-35-14
34,24,112,22.9,41.9,25.5,Sandy,Millets,Urea
137,135,105,26.4,59.4,11.5,Clayey,Maize,10-26-26
23,83,119,37.1,23.0,44.7,Sandy,Cotton,14-35-14
10,102,144,44.7,25.6,58.3,Clayey,Pulses,14-35-14
3,56,200,37.7,41.8,56.9,Red,Maize,10-26-26
86,124,110,15.3,51.3,27.9,Black,Sugarcane,20-20
117,22,152,22.9,96.0,15.5,Red,Tobacco,DAP
50,114,80,37.0,60.4,19.9,Black,Pulses,14-35-14
34,49,23,28.9,26.8,46.2,Sandy,Oil seeds,14-35-14
31,138,196,36.3,16.8,24.8,Red,Oil seeds,14-35-14
97,115,196,33.7,79.4,46.3,Black,Cotton,10-26-26
20,126,28,31.7,94.2,26.7,Red,Sugarcane,DAP
73,62,13,29.8,68.1,35.2,Sandy,Paddy,17-17-17
93,112,134,41.7,42.4,13.1,Red,Paddy,14-35-14
82,92,138,35.2,94.1,51.7,Loamy,Millets,Urea
59,40,129,22.6,83.6,57.5,Black,Ground Nuts,14-35-14
109,57,64,38.8,44.9,57.8,Red,Wheat,28-28
103,106,117,25.0,95.3,50.2,Loamy,Paddy,10-26-26
29,23,175,36.3,25.3,43.4,Loamy,Paddy,Urea
92,7,156,35.5,25.8,22.2,Black,Barley,DAP
39,139,84,37.1,82.3,27.8,Black,Pulses,14-35-14
21,142,194,41.1,19.5,52.3,Sandy,Tobacco,10-26-26
26,80,112,24.8,54.2,44.1,Black,Maize,10-26-26
115,94,66,42.3,44.0,48.4,Red,Barley,28-28
84,55,171,25.6,61.0,36.6,Clayey,Paddy,17-17-17
88,28,186,21.0,75.2,36.8,Clayey,Paddy,DAP
132,145,123,24.4,49.9,18.0,Red,Sugarcane,20-20
47,61,17,28.8,83.4,28.2,Loamy,Ground Nuts,14-35-14
93,55,181,34.2,14.1,59.0,Sandy,Ground Nuts,14-35-14
24,6,147,39.3,64.4,49.4,Red,Wheat,Urea
62,71,198,16.3,19.4,57.1,Sandy,Cotton,14-35-14
135,101,67,40.0,56.7,41.1,Black,Barley,28-28
65,143,140,42.2,40.3,19.8,Red,Oil seeds,14-35-14
127,48,176,41.4,74.3,31.1,Sandy,Paddy,17-17-17
81,67,96,43.9,97.1,28.9,Clayey,Wheat,28-28
39,120,112,28.0,73.3,38.4,Red,Cotton,14-35-14
72,15,173,17.3,82.5,56.0,Loamy,Barley,DAP
110,20,128,20.3,62.6,32.0,Sandy,Ground Nuts,DAP
96,103,138,31.8,80.1,47.9,Red,Paddy,28-28
57,35,27,33.7,99.2,51.0,Black,Barley,DAP
34,92,104,25.9,30.7,28.3,Sandy,Oil seeds,14-35-14
99,71,114,24.8,66.8,12.6,Loamy,Oil seeds,14-35-14
27,107,20,20.2,55.8,46.7,Black,Paddy,10-26-26
63,47,149,44.5,16.2,44.5,Red,Wheat,DAP
95,3,64,41.4,44.4,59.7,Clayey,Cotton,DAP
1,49,134,37.4,42.8,13.2,Clayey,Oil seeds,14-35-14
8,67,166,35.1,53.9,51.6,Black,Ground Nuts,14-35-14
139,8,196,31.8,99.4,31.3,Clayey,Sugarcane,DAP
138,63,71,30.4,21.7,42.1,Clayey,Paddy,17-17-17
66,15,98,19.5,43.8,12.1,Clayey,Barley,DAP
0,5,180,16.7,31.8,14.5,Loamy,Wheat,Urea
34,44,149,21.7,17.4,37.7,Clayey,Tobacco,Urea
29,6,123,15.4,68.2,37.6,Clayey,Millets,Urea
5,108,94,34.6,57.4,46.4,Red,Sugarcane,20-20
70,49,16,24.7,23.4,30.8,Loamy,Tobacco,17-17-17
61,75,122,19.8,34.4,44.6,Sandy,Millets,20-20
69,95,43,17.6,41.0,42.9,Black,Maize,28-28
37,144,26,45.0,39.6,58.9,Sandy,Cotton,14-35-14
44,87,79,39.3,80.0,35.3,Black,Sugarcane,Urea
107,98,160,23.0,90.4,48.6,Black,Oil seeds,14-35-14
5,27,194,43.4,22.6,26.8,Black,Pulses,Urea
39,30,16,18.2,41.8,18.4,Clayey,Maize,DAP
121,77,56,16.8,63.8,41.8,Sandy,Ground Nuts,14-35-14
130,89,110,32.7,71.0,42.4,Red,Tobacco,28-28
105,121,52,15.3,31.6,48.8,Sandy,Tobacco,14-35-14
53,145,0,43.7,33.3,32.9,Black,Paddy,17-17-17
115,97,69,34.6,28.1,13.2,Sandy,Cotton,14-35-14
23,98,140,40.2,43.7,40.9,Black,Ground Nuts,14-35-14
67,90,59,39.1,52.2,48.3,Loamy,Tobacco,17-17-17
117,139,159,43.9,63.1,14.3,Clayey,Maize,10-26-26
110,127,94,42.3,51.3,14.7,Red,Millets,20-20
59,97,74,15.0,79.8,47.0,Loamy,Paddy,10-26-26
128,123,58,23.1,79.8,19.2,Clayey,Oil seeds,14-35-14
115,74,142,24.9,52.0,19.6,Red,Sugarcane,20-20
132,125,167,41.1,29.9,21.3,Red,Sugarcane,20-20
49,19,115,33.5,25.6,28.7,Clayey,Cotton,DAP
81,8,3,23.6,25.7,48.0,Clayey,Ground Nuts,DAP
136,3,161,19.6,97.7,28.2,Clayey,Ground Nuts,DAP
80,99,6,44.7,89.8,47.5,Red,Ground Nuts,14-35-14
28,145,36,24.2,80.6,32.7,Loamy,Cotton,17-17-17
131,22,61,30.5,90.5,59.5,Clayey,Sugarcane,DAP
94,70,66,39.5,78.0,53.0,Red,Sugarcane,20-20
48,77,45,17.6,49.3,37.3,Sandy,Wheat,28-28
42,67,123,27.8,99.9,31.8,Loamy,Maize,10-26-26
93,117,163,32.8,86.7,50.7,Red,Millets,Urea
32,66,141,16.2,98.3,17.2,Loamy,Paddy,10-26-26
75,141,145,38.4,96.8,34.9,Clayey,Cotton,10-26-26
112,133,69,16.4,25.7,19.5,Loamy,Maize,28-28
9,2,45,25.5,92.4,37.8,Sandy,Cotton,Urea
94,106,87,42.2,76.4,47.0,Sandy,Sugarcane,20-20
40,47,90,40.1,45.0,30.0,Clayey,Tobacco,DAP
87,92,173,19.1,76.3,18.0,Black,Wheat,28-28
40,2,120,33.9,75.6,42.8,Sandy,Paddy,DAP
54,51,35,37.8,30.0,46.0,Loamy,Ground Nuts,14-35-14
91,138,47,29.0,99.5,24.9,Red,Cotton,14-35-14
30,75,7,16.8,15.0,45.0,Black,Wheat,28-28
13,109,3,26.6,56.8,32.7,Clayey,Wheat,28-28
139,138,114,37.5,71.7,23.8,Sandy,Wheat,28-28
90,105,85,21.6,66.3,41.2,Clayey,Paddy,20-20
75,2,80,18.3,32.2,58.8,Sandy,Ground Nuts,DAP
120,37,142,28.2,41.9,25.5,Black,Pulses,14-35-14
89,39,73,39.1,56.0,29.1,Red,Cotton,14-35-14
60,2,81,19.3,73.5,26.8,Red,Tobacco,DAP
2,92,34,38.6,67.6,52.0,Clayey,Barley,28-28
93,57,129,30.9,24.6,37.0,Black,Cotton,DAP
113,18,109,25.5,99.2,32.8,Black,Maize,DAP
133,140,85,28.2,87.6,46.9,Black,Maize,28-28
118,46,45,18.4,23.3,46.2,Black,Maize,28-28
127,50,190,15.0,36.0,52.6,Sandy,Wheat,28-28
126,108,99,24.9,36.3,47.2,Sandy,Wheat,28-28
109,29,91,36.1,17.9,29.3,Loamy,Maize,DAP
104,30,181,40.1,21.9,12.8,Red,Wheat,DAP
63,123,100,19.5,44.4,26.9,Clayey,Paddy,17-17-17
109,18,202,40.0,30.8,18.1,Clayey,Millets,DAP
61,102,189,40.9,67.0,56.4,Sandy,Paddy,10-26-26
125,117,53,42.5,47.4,35.2,Red,Tobacco,10-26-26
80,84,82,42.3,52.6,44.1,Red,Tobacco,14-35-14
23,43,128,43.6,66.7,15.2,Loamy,Maize,10-26-26
81,28,178,42.2,64.8,46.9,Red,Oil seeds,DAP
21,98,16,43.5,29.9,45.4,Loamy,Maize,28-28
58,53,125,38.7,95.9,55.8,Sandy,Maize,10-26-26
71,46,102,19.8,42.7,11.4,Black,Ground Nuts,14-35-14
109,26,127,38.2,34.2,17.6,Loamy,Ground Nuts,DAP
55,144,147,44.0,23.9,39.0,Loamy,Tobacco,17-17-17
124,1,75,44.3,58.0,51.5,Loamy,Oil seeds,DAP
131,138,151,26.1,32.3,11.9,Loamy,Pulses,14-35-14
67,125,42,27.7,50.4,18.1,Clayey,Paddy,17-17-17
139,128,199,30.1,53.3,18.7,Loamy,Oil seeds,14-35-14
8,72,25,22.9,19.7,36.0,Clayey,Wheat,28-28
24,20,139,35.1,36.2,46.4,Clayey,Cotton,Urea
39,138,183,17.0,30.2,27.9,Loamy,Wheat,28-28
60,12,139,42.0,16.7,23.6,Loamy,Maize,DAP
32,41,142,32.9,82.3,11.7,Black,Millets,20-20
52,139,189,16.8,26.9,47.3,Loamy,Tobacco,17-17-17
87,42,16,20.4,61.5,30.1,Loamy,Millets,Urea
76,34,161,44.7,39.6,14.2,Red,Barley,DAP
17,70,39,36.5,44.1,46.7,Clayey,Wheat,28-28
21,73,89,28.9,56.8,37.1,Loamy,Oil seeds,14-35-14
94,27,97,32.3,23.8,33.8,Red,Maize,DAP
78,124,60,18.3,24.0,57.4,Clayey,Cotton,10-26-26
21,138,164,31.3,62.7,15.3,Loamy,Tobacco,17-17-17
89,107,8,16.4,35.5,27.7,Black,Wheat,28-28
66,40,156,27.3,93.3,35.0,Sandy,Pulses,14-35-14
133,17,146,16.0,52.5,44.0,Black,Sugarcane,DAP
53,48,27,30.2,93.5,20.0,Red,Oil seeds,14-35-14
106,125,86,22.2,53.7,19.4,Red,Wheat,28-28
19,32,142,30.5,18.3,54.1,Loamy,Barley,Urea
87,103,62,38.0,41.1,21.4,Black,Paddy,17-17-17
84,83,160,30.0,35.3,44.3,Red,Ground Nuts,14-35-14
95,85,135,42.5,57.0,43.5,Black,Ground Nuts,14-35-14
1,123,3,34.6,88.0,17.0,Red,Ground Nuts,14-35-14
46,28,164,16.8,33.6,23.0,Sandy,Wheat,DAP
77,105,129,16.9,20.8,48.0,Black,Tobacco,28-28
108,124,70,17.2,90.2,18.7,Red,Millets,Urea
109,17,26,21.9,50.1,16.1,Clayey,Tobacco,DAP
32,41,159,35.3,31.6,40.9,Red,Paddy,14-35-14
57,79,186,37.5,69.6,33.6,Red,Oil seeds,14-35-14
43,124,41,38.2,96.8,22.8,Red,Tobacco,28-28
112,20,77,43.6,14.7,47.1,Clayey,Wheat,DAP
51,64,38,37.0,35.8,21.3,Loamy,Ground Nuts,14-35-14
71,69,3,34.7,58.3,23.6,Clayey,Barley,28-28
79,65,135,25.2,54.2,31.5,Black,Tobacco,DAP
75,11,78,34.7,28.2,59.6,Loamy,Wheat,DAP
60,60,101,41.9,82.2,47.5,Loamy,Sugarcane,17-17-17
48,24,15,32.3,36.8,43.1,Black,Ground Nuts,DAP
79,75,19,38.1,51.2,56.3,Red,Cotton,14-35-14
109,33,140,15.9,98.4,41.2,Black,Tobacco,DAP
103,90,114,31.4,41.3,47.2,Clayey,Ground Nuts,14-35-14
101,55,82,38.7,84.8,43.9,Clayey,Pulses,14-35-14
100,67,70,44.5,39.5,22.0,Loamy,Sugarcane,20-20
136,18,139,23.3,18.4,55.6,Clayey,Millets,DAP
80,43,58,35.5,62.1,16.3,Loamy,Barley,DAP
105,142,188,20.2,93.4,36.1,Red,Maize,10-26-26
86,49,59,20.5,66.8,12.6,Sandy,Pulses,14-35-14
10,80,61,24.1,25.1,22.4,Sandy,Sugarcane,28-28
48,35,9,36.0,36.4,46.5,Sandy,Cotton,14-35-14
59,95,7,29.0,91.0,29.2,Clayey,Ground Nuts,14-35-14
116,21,148,32.2,30.4,43.9,Red,Sugarcane,DAP
13,9,30,23.1,72.8,59.0,Black,Paddy,Urea
34,110,67,25.1,88.4,12.2,Black,Ground Nuts,14-35-14
29,68,107,44.6,50.3,57.5,Red,Wheat,28-28
5,26,27,25.1,42.6,54.9,Clayey,Barley,Urea
42,88,73,25.9,87.1,48.0,Loamy,Oil seeds,14-35-14
33,82,160,29.8,29.0,46.7,Clayey,Tobacco,10-26-26
59,1,35,31.9,76.5,34.1,Sandy,Sugarcane,DAP
100,45,79,42.9,72.8,10.9,Red,Tobacco,DAP
77,121,142,16.9,96.0,40.6,Sandy,Ground Nuts,14-35-14
59,9,101,28.0,90.5,25.6,Sandy,Oil seeds,DAP
130,72,115,31.6,72.8,36.2,Sandy,Maize,10-26-26
88,19,80,16.0,78.6,42.8,Red,Wheat,DAP
120,91,146,22.0,48.1,32.5,Black,Cotton,10-26-26
112,33,30,23.6,89.8,18.1,Clayey,Paddy,DAP
32,46,171,22.1,89.2,46.6,Red,Maize,10-26-26
46,26,198,36.8,21.2,41.7,Loamy,Oil seeds,DAP
120,32,205,37.9,76.0,59.9,Loamy,Ground Nuts,DAP
117,54,6,43.9,94.4,18.2,Sandy,Wheat,28-28
13,112,56,25.1,46.8,58.6,Clayey,Millets,Urea
127,31,5,43.9,48.0,11.3,Black,Pulses,DAP
76,57,84,31.4,20.5,24.3,Sandy,Sugarcane,20-20
72,115,29,22.3,57.3,50.9,Sandy,Millets,Urea
30,108,71,39.0,81.6,19.6,Sandy,Pulses,14-35-14
55,26,1,21.4,64.8,55.8,Loamy,Millets,DAP
22,96,177,40.3,77.4,54.8,Clayey,Maize,10-26-26
116,8,131,25.2,46.7,57.9,Loamy,Wheat,DAP
108,36,66,37.3,42.5,46.1,Red,Oil seeds,14-35-14
40,100,112,19.5,82.7,38.1,Red,Ground Nuts,14-35-14
64,63,139,43.5,74.4,26.0,Red,Wheat,28-28
47,72,135,18.8,66.5,59.8,Black,Maize,10-26-26
139,26,45,36.7,57.0,38.5,Loamy,Oil seeds,DAP
48,34,93,20.3,89.4,36.3,Sandy,Tobacco,DAP
124,28,45,30.3,45.6,36.7,Red,Sugarcane,DAP
106,85,132,43.1,96.5,34.6,Loamy,Sugarcane,20-20
132,52,179,29.8,53.3,10.4,Black,Sugarcane,20-20
67,34,87,44.9,95.6,39.9,Loamy,Barley,DAP
9,56,198,41.2,28.7,21.0,Red,Ground Nuts,14-35-14
56,71,167,26.6,30.2,21.1,Red,Wheat,28-28
122,65,8,39.2,71.9,12.0,Black,Tobacco,DAP
86,32,136,15.7,35.6,14.6,Red,Paddy,DAP
38,120,192,41.6,48.3,30.0,Loamy,Millets,Urea
62,42,155,25.2,41.5,13.7,Sandy,Wheat,DAP
48,95,185,41.0,43.2,16.2,Loamy,Millets,Urea
95,33,196,20.4,58.0,22.0,Black,Tobacco,DAP
128,7,123,27.1,34.8,54.5,Sandy,Sugarcane,DAP
2,134,99,34.6,46.0,26.6,Clayey,Pulses,14-35-14
64,145,45,25.6,75.1,25.7,Loamy,Barley,28-28
51,30,161,35.4,72.7,52.3,Sandy,Sugarcane,DAP
124,3,188,27.3,16.2,21.0,Sandy,Ground Nuts,DAP
60,20,76,23.7,93.6,37.6,Red,Cotton,DAP
124,62,127,36.5,22.3,13.5,Loamy,Tobacco,17-17-17
114,137,179,28.4,62.3,10.0,Black,Wheat,28-28
108,121,150,19.0,33.9,31.5,Loamy,Ground Nuts,14-35-14
130,61,70,41.4,52.2,56.6,Loamy,Ground Nuts,14-35-14
42,110,65,25.5,24.2,17.3,Black,Cotton,17-17-17
110,131,97,36.7,21.1,39.6,Black,Oil seeds,14-35-14
3,128,49,28.6,80.7,19.7,Loamy,Paddy,DAP
104,139,201,36.6,56.1,47.6,Loamy,Pulses,14-35-14
87,15,147,24.6,42.7,46.9,Black,Oil seeds,DAP
119,62,104,29.2,99.8,31.5,Black,Sugarcane,20-20
86,30,171,31.4,74.2,59.9,Black,Sugarcane,DAP
138,92,67,35.7,65.4,12.6,Clayey,Maize,28-28
5,53,87,24.2,55.4,55.9,Loamy,Paddy,17-17-17
128,55,69,23.5,83.6,19.3,Red,Pulses,14-35-14
123,89,15,32.0,76.7,41.8,Clayey,Ground Nuts,14-35-14
26,75,116,25.8,45.1,23.8,Black,Wheat,28-28
90,119,1,24.2,22.9,53.9,Sandy,Sugarcane,20-20
29,48,170,18.4,85.7,39.2,Black,Wheat,DAP
77,34,70,33.4,45.6,22.9,Black,Maize,DAP
9,60,135,29.1,97.7,13.8,Black,Cotton,10-26-26
51,5,7,22.2,62.9,10.2,Clayey,Pulses,DAP
69,81,117,19.1,38.9,26.6,Black,Sugarcane,20-20
79,51,128,18.5,27.3,51.8,Loamy,Paddy,Urea
98,39,154,44.5,95.2,18.5,Loamy,Barley,DAP
94,77,157,21.1,69.6,44.4,Sandy,Paddy,10-26-26
13,55,146,24.2,71.3,37.0,Loamy,Wheat,28-28
77,111,22,39.9,65.6,40.5,Loamy,Tobacco,17-17-17
17,99,204,27.1,23.1,11.2,Red,Ground Nuts,14-35-14
116,113,95,23.3,56.4,31.8,Loamy,Wheat,28-28
105,40,202,16.6,80.0,43.3,Red,Paddy,14-35-14
63,85,118,26.8,57.0,36.4,Sandy,Maize,10-26-26
72,112,188,27.0,21.1,36.3,Clayey,Maize,10-26-26
97,86,73,36.3,97.5,41.8,Red,Millets,20-20
111,95,4,44.5,49.9,20.6,Loamy,Maize,28-28
84,20,142,23.7,42.1,28.6,Clayey,Cotton,DAP
52,65,166,42.3,41.7,31.3,Loamy,Barley,28-28
1,74,28,42.2,66.3,32.7,Loamy,Oil seeds,14-35-14
21,80,143,17.2,90.8,40.6,Sandy,Cotton,14-35-14
11,24,165,16.8,66.2,50.4,Loamy,Maize,Urea
50,26,164,25.3,95.4,13.6,Clayey,Cotton,DAP
29,40,116,38.1,67.9,10.9,Black,Maize,10-26-26
99,118,68,17.2,73.9,31.9,Clayey,Oil seeds,14-35-14
22,62,117,22.5,45.1,41.6,Loamy,Paddy,Urea
88,52,37,35.2,36.5,26.2,Red,Millets,20-20
136,115,190,44.1,41.4,18.0,Black,Wheat,28-28
122,6,119,38.9,44.1,33.7,Black,Ground Nuts,DAP
78,58,145,28.1,95.6,27.9,Red,Paddy,17-17-17
54,134,90,23.2,82.5,10.4,Loamy,Sugarcane,DAP
105,74,137,27.3,91.7,55.6,Red,Millets,20-20
128,10,106,33.6,74.6,14.1,Loamy,Millets,DAP
16,142,15,15.2,75.1,34.3,Black,Oil seeds,14-35-14
126,130,17,30.1,93.5,22.4,Black,Paddy,10-26-26
106,98,12,34.8,17.7,50.0,Loamy,Sugarcane,20-20
120,38,139,18.7,57.3,23.6,Red,Oil seeds,14-35-14
130,42,49,37.2,83.1,58.2,Sandy,Cotton,14-35-14
11,82,31,38.5,59.6,15.1,Clayey,Sugarcane,14-35-14
50,63,204,25.1,32.8,53.6,Black,Oil seeds,14-35-14
63,0,88,32.4,77.1,13.2,Red,Tobacco,DAP
131,79,110,39.6,92.7,18.7,Red,Millets,20-20
25,5,122,42.0,72.8,15.2,Loamy,Cotton,Urea
47,113,154,32.3,98.1,51.1,Loamy,Barley,28-28
120,108,67,21.9,80.2,16.8,Red,Cotton,14-35-14
8,16,112,38.2,89.4,30.7,Black,Wheat,Urea
62,21,133,23.4,97.5,37.6,Loamy,Barley,DAP
135,132,171,35.9,41.7,50.8,Clayey,Wheat,28-28
48,35,25,22.3,21.7,32.1,Clayey,Wheat,DAP
25,94,78,24.8,43.2,54.8,Sandy,Pulses,14-35-14
58,123,87,32.2,79.3,14.5,Red,Tobacco,10-26-26
80,109,139,16.4,99.8,47.2,Clayey,Maize,10-26-26
21,88,54,43.8,24.0,45.5,Black,Wheat,28-28
18,127,141,17.1,31.4,49.7,Loamy,Maize,10-26-26
133,33,192,22.3,42.2,26.0,Black,Wheat,DAP
82,91,135,19.5,34.1,43.3,Loamy,Maize,10-26-26
124,40,18,37.7,75.2,20.8,Loamy,Barley,DAP
55,64,172,45.0,22.6,35.3,Red,Barley,28-28
21,39,38,41.7,40.2,42.6,Sandy,Sugarcane,Urea
75,90,186,39.1,70.5,54.8,Red,Wheat,28-28
51,111,71,20.8,75.0,13.8,Sandy,Cotton,14-35-14
81,77,183,25.2,75.3,38.6,Red,Millets,Urea
65,125,31,17.1,39.4,44.6,Black,Ground Nuts,14-35-14
28,58,24,35.9,57.6,22.1,Red,Pulses,14-35-14
13,28,143,23.7,45.8,38.2,Loamy,Wheat,Urea
3,83,91,33.4,17.6,42.4,Loamy,Pulses,14-35-14
56,12,135,42.2,18.6,25.4,Sandy,Pulses,DAP
65,25,125,38.0,63.5,51.2,Sandy,Pulses,DAP
138,100,135,30.0,74.4,38.3,Black,Wheat,28-28
38,23,7,25.7,73.8,57.7,Black,Tobacco,DAP
100,62,92,30.8,67.0,57.1,Clayey,Tobacco,Urea
137,100,137,29.6,91.9,36.0,Sandy,Cotton,14-35-14
86,102,182,41.3,99.9,52.5,Clayey,Tobacco,10-26-26
115,81,201,21.5,24.0,54.6,Red,Sugarcane,20-20
138,43,138,44.4,45.7,44.8,Black,Oil seeds,14-35-14
32,59,122,28.6,83.4,32.8,Black,Pulses,14-35-14
30,17,10,18.9,88.9,11.2,Clayey,Pulses,14-35-14
129,21,123,27.5,90.4,28.4,Black,Millets,DAP
41,76,172,37.1,59.6,11.3,Black,Pulses,14-35-14
33,41,32,44.5,91.7,36.4,Black,Paddy,17-17-17
112,14,82,41.4,59.7,40.2,Black,Cotton,DAP
102,6,105,40.0,45.5,47.7,Red,Paddy,DAP
19,116,187,15.1,92.9,14.0,Loamy,Wheat,28-28
107,23,139,20.6,84.9,19.0,Red,Wheat,DAP
73,29,146,24.2,80.5,53.9,Sandy,Paddy,DAP
46,88,57,20.4,71.6,30.4,Clayey,Millets,Urea
126,37,148,26.6,85.7,29.1,Clayey,Wheat,DAP
115,119,40,22.6,88.1,35.5,Red,Tobacco,17-17-17
5,136,138,42.8,19.6,15.7,Loamy,Sugarcane,17-17-17
68,6,127,34.8,28.3,31.9,Black,Oil seeds,DAP
119,34,13,23.3,48.7,50.3,Clayey,Tobacco,DAP
26,63,59,41.8,36.0,31.0,Clayey,Maize,28-28
91,84,86,33.2,45.6,21.2,Red,Paddy,Urea
14,11,94,15.7,58.7,59.4,Black,Paddy,Urea
29,34,20,29.4,99.2,32.4,Red,Tobacco,Urea
91,59,66,25.8,14.3,49.1,Red,Maize,28-28
5,86,136,30.0,46.9,54.9,Black,Maize,10-26-26
140,122,159,25.7,39.0,26.4,Clayey,Cotton,10-26-26
129,44,95,39.0,44.0,47.9,Black,Ground Nuts,14-35-14
134,32,136,21.1,92.8,56.2,Red,Ground Nuts,DAP
88,0,109,43.4,59.6,24.1,Loamy,Oil seeds,DAP
5,16,45,22.0,36.7,53.7,Clayey,Tobacco,Urea
5,108,195,44.5,40.1,26.2,Black,Wheat,28-28
115,42,57,43.1,58.0,10.1,Red,Ground Nuts,14-35-14
64,123,191,15.2,43.1,32.7,Black,Cotton,10-26-26
69,94,133,32.0,39.8,24.8,Red,Wheat,28-28
24,73,38,42.6,63.4,56.0,Loamy,Tobacco,17-17-17
114,21,3,23.2,88.1,11.8,Black,Paddy,DAP
68,139,92,37.8,32.2,57.6,Black,Tobacco,20-20
15,143,41,27.5,33.2,46.2,Red,Pulses,14-35-14
23,18,74,19.1,45.1,33.2,Red,Tobacco,Urea
17,139,141,39.3,65.2,37.4,Clayey,Wheat,28-28
133,87,114,34.0,87.4,33.3,Black,Millets,20-20
12,121,199,40.4,66.4,40.5,Clayey,Paddy,10-26-26
65,114,35,30.2,41.8,20.2,Red,Pulses,14-35-14
17,35,151,35.3,21.8,17.4,Black,Pulses,Urea
15,16,23,40.0,17.2,22.7,Loamy,Ground Nuts,Urea
137,13,111,34.7,39.4,33.2,Sandy,Cotton,DAP
71,100,48,41.7,55.5,16.8,Clayey,Paddy,Urea
27,87,3,28.1,83.4,39.3,Sandy,Barley,28-28
73,68,150,17.6,87.8,34.2,Loamy,Cotton,28-28
111,59,77,38.5,33.7,58.6,Red,Barley,28-28
45,72,53,18.9,70.9,32.6,Clayey,Sugarcane,20-20
72,11,31,16.2,97.7,14.0,Loamy,Tobacco,DAP
25,53,171,22.5,29.4,42.9,Loamy,Sugarcane,28-28
129,59,184,44.3,66.6,18.6,Sandy,Pulses,14-35-14
30,54,152,31.0,38.8,16.4,Black,Oil seeds,14-35-14
35,20,37,26.6,53.4,41.4,Clayey,Ground Nuts,14-35-14
119,117,0,15.7,64.7,48.8,Black,Paddy,10-26-26
7,93,141,27.2,70.9,57.7,Black,Cotton,10-26-26
6,11,83,25.6,99.0,45.7,Clayey,Sugarcane,Urea
55,9,146,33.3,63.4,44.0,Red,Pulses,DAP
83,3,96,16.7,66.2,36.5,Clayey,Oil seeds,DAP
94,40,163,28.8,52.2,33.0,Clayey,Wheat,DAP
13,92,34,25.1,33.2,32.6,Clayey,Millets,20-20
10,100,8,31.1,88.0,34.5,Sandy,Pulses,14-35-14
4,111,54,27.1,56.6,58.3,Sandy,Pulses,14-35-14
20,136,65,26.8,74.3,10.8,Sandy,Tobacco,14-35-14
36,5,81,43.1,86.5,55.4,Clayey,Barley,DAP
140,100,185,28.1,54.6,34.9,Sandy,Maize,10-26-26
88,123,99,39.0,94.3,14.0,Loamy,Ground Nuts,14-35-14
8,44,164,35.5,86.6,40.0,Black,Tobacco,14-35-14
139,8,91,41.0,22.0,26.7,Red,Oil seeds,DAP
87,105,146,40.1,19.5,24.9,Sandy,Barley,28-28
109,111,173,39.4,79.9,49.3,Black,Barley,28-28
77,60,110,37.2,78.8,58.6,Clayey,Cotton,Urea
98,117,68,44.3,64.7,36.1,Sandy,Pulses,14-35-14
57,111,122,34.4,28.7,41.5,Red,Paddy,28-28
32,26,41,22.3,34.9,38.6,Loamy,Maize,17-17-17
11,57,94,23.2,59.0,35.5,Red,Oil seeds,14-35-14
49,3,199,37.0,77.5,59.4,Sandy,Barley,DAP
104,3,140,34.9,98.4,41.3,Red,Ground Nuts,DAP
74,129,196,42.2,79.1,59.1,Sandy,Wheat,28-28
125,76,181,31.3,96.0,25.6,Black,Wheat,28-28
102,99,31,40.3,43.4,57.9,Black,Barley,28-28
21,127,28,44.5,57.2,57.6,Clayey,Wheat,28-28
95,85,111,31.0,52.9,11.8,Red,Pulses,14-35-14
77,125,164,33.0,79.7,57.8,Loamy,Wheat,28-28
9,72,112,39.5,15.7,37.1,Sandy,Oil seeds,14-35-14
100,17,163,24.9,44.6,12.1,Sandy,Maize,DAP
8,119,91,25.6,52.5,29.0,Sandy,Tobacco,DAP
96,11,185,34.5,42.1,12.5,Clayey,Barley,DAP
71,91,6,18.7,64.5,24.9,Loamy,Tobacco,17-17-17
45,104,108,19.0,57.2,49.0,Loamy,Pulses,14-35-14
132,111,142,20.3,72.5,34.5,Clayey,Sugarcane,20-20
21,122,161,26.2,25.6,45.4,Sandy,Cotton,14-35-14
23,140,192,42.2,69.7,33.9,Clayey,Barley,28-28
5,67,13,15.1,45.5,16.9,Black,Barley,28-28
83,119,52,35.3,38.2,10.8,Red,Paddy,28-28
14,21,177,38.7,38.7,52.3,Black,Maize,Urea
82,103,90,25.3,42.3,44.4,Loamy,Maize,28-28
20,33,72,34.6,31.4,55.6,Clayey,Pulses,Urea
108,62,11,19.1,26.5,48.1,Loamy,Tobacco,17-17-17
51,46,98,44.1,93.0,29.0,Red,Tobacco,10-26-26
113,43,113,37.8,95.8,42.3,Sandy,Oil seeds,14-35-14
124,78,144,22.2,81.8,43.8,Red,Sugarcane,20-20
49,54,131,32.9,15.2,26.2,Red,Paddy,DAP
111,11,168,21.9,51.0,53.6,Clayey,Tobacco,DAP
57,95,20,15.4,90.6,28.7,Red,Maize,28-28
127,29,93,20.3,93.0,22.3,Red,Barley,DAP
90,108,15,39.9,26.7,37.4,Loamy,Barley,28-28
121,88,61,34.6,51.3,15.6,Sandy,Wheat,28-28
44,79,31,35.7,75.9,37.9,Black,Cotton,DAP
107,3,70,42.7,90.3,30.3,Red,Paddy,DAP
132,98,65,39.8,85.9,51.5,Clayey,Tobacco,28-28
54,4,191,39.5,78.7,50.9,Black,Maize,DAP
81,93,165,44.8,56.2,51.8,Loamy,Cotton,10-26-26
115,43,89,33.9,58.7,58.5,Sandy,Pulses,14-35-14
120,124,32,18.1,38.3,14.4,Sandy,Maize,28-28
128,141,89,42.3,53.1,48.9,Loamy,Tobacco,17-17-17
62,82,200,15.9,97.6,43.6,Red,Barley,28-28
125,91,39,42.0,38.6,22.9,Red,Barley,28-28
60,40,110,15.3,14.8,26.5,Sandy,Paddy,28-28
41,13,32,30.7,58.8,28.5,Loamy,Millets,DAP
123,31,100,40.7,46.3,45.5,Loamy,Paddy,DAP
57,100,63,42.1,28.1,26.9,Red,Millets,Urea
87,104,129,36.3,27.7,34.0,Loamy,Ground Nuts,14-35-14
44,37,123,18.7,95.2,27.1,Sandy,Cotton,14-35-14
20,22,75,41.9,23.2,27.9,Sandy,Barley,Urea
132,142,148,40.3,32.7,10.7,Black,Wheat,28-28
129,119,184,21.1,79.6,22.1,Red,Oil seeds,14-35-14
74,82,37,37.8,47.2,47.7,Sandy,Millets,20-20
104,37,111,33.6,67.3,53.5,Black,Barley,DAP
42,133,154,21.9,36.6,14.2,Red,Millets,20-20
105,63,152,32.4,68.7,27.6,Red,Tobacco,14-35-14
84,25,183,16.3,20.2,22.2,Clayey,Oil seeds,DAP
135,72,44,44.3,34.4,41.4,Clayey,Pulses,14-35-14
102,23,72,22.8,86.0,18.2,Clayey,Pulses,DAP
92,108,49,20.8,31.2,33.5,Red,Maize,28-28
54,26,66,21.3,77.6,30.4,Sandy,Cotton,DAP
82,41,155,19.1,71.1,36.1,Loamy,Paddy,DAP
14,109,72,21.4,15.1,59.9,Clayey,Ground Nuts,14-35-14
83,59,85,33.8,49.4,21.7,Clayey,Tobacco,10-26-26
27,9,26,25.2,82.2,20.6,Black,Sugarcane,Urea
62,69,98,28.2,69.7,45.1,Clayey,Ground Nuts,14-35-14
131,10,133,41.8,29.9,12.0,Loamy,Ground Nuts,DAP
96,33,157,35.6,47.8,48.7,Sandy,Cotton,DAP
110,70,52,16.3,17.0,31.4,Black,Ground Nuts,14-35-14
18,65,161,36.0,99.7,11.7,Red,Ground Nuts,14-35-14
54,14,126,26.5,64.2,29.2,Red,Pulses,DAP
113,136,193,40.9,80.7,19.5,Red,Sugarcane,20-20
43,15,77,16.5,74.5,30.6,Clayey,Sugarcane,DAP
30,120,50,22.6,92.0,41.8,Sandy,Tobacco,28-28
33,71,174,23.2,97.7,47.1,Clayey,Cotton,17-17-17
51,75,18,34.9,34.7,16.0,Sandy,Cotton,14-35-14
140,108,114,17.7,74.2,46.1,Loamy,Paddy,28-28
92,67,62,33.3,23.5,44.1,Loamy,Ground Nuts,14-35-14
17,103,73,39.3,16.4,44.5,Black,Cotton,Urea
100,8,89,23.0,19.1,48.3,Clayey,Oil seeds,DAP
113,17,28,15.3,40.2,29.9,Loamy,Pulses,DAP
40,114,80,42.8,42.2,21.2,Sandy,Paddy,Urea
21,138,84,32.8,58.3,17.8,Red,Pulses,14-35-14
33,72,76,38.7,26.5,56.7,Black,Oil seeds,14-35-14
60,121,34,26.8,74.1,14.4,Loamy,Ground Nuts,14-35-14
76,67,205,36.0,74.4,37.4,Black,Ground Nuts,14-35-14
20,100,85,32.8,31.8,20.4,Clayey,Cotton,DAP
77,20,119,26.9,22.2,22.8,Loamy,Cotton,DAP
140,123,140,39.2,37.7,26.5,Sandy,Cotton,14-35-14
86,111,141,18.9,78.7,12.3,Black,Oil seeds,14-35-14
67,89,109,34.9,17.8,49.3,Red,Ground Nuts,14-35-14
137,98,20,37.6,34.0,18.4,Loamy,Wheat,28-28
93,131,98,24.4,44.8,58.3,Sandy,Oil seeds,14-35-14
22,84,158,16.0,75.0,57.8,Clayey,Tobacco,10-26-26
99,15,153,34.9,57.1,42.9,Red,Millets,DAP
110,94,15,20.7,68.4,37.6,Loamy,Oil seeds,14-35-14
63,13,22,16.2,62.7,54.4,Sandy,Paddy,DAP
101,12,160,33.1,62.6,17.5,Red,Tobacco,DAP
121,89,102,41.2,62.0,26.6,Clayey,Paddy,DAP
40,81,101,45.0,28.5,14.4,Loamy,Tobacco,17-17-17
2,107,170,40.9,38.4,55.8,Sandy,Oil seeds,14-35-14
96,14,87,34.4,93.4,18.4,Sandy,Barley,DAP
130,125,158,32.2,15.1,33.8,Red,Barley,28-28
137,16,66,30.7,92.5,11.1,Loamy,Cotton,DAP
86,71,201,17.8,59.5,24.6,Clayey,Pulses,14-35-14
108,13,164,42.0,42.0,46.6,Sandy,Paddy,DAP
37,128,40,19.2,32.1,47.1,Sandy,Barley,28-28
112,130,185,19.8,81.0,25.0,Clayey,Wheat,28-28
117,65,143,24.8,37.0,37.2,Red,Oil seeds,14-35-14
88,125,76,41.9,82.2,58.1,Red,Tobacco,14-35-14
78,93,65,36.9,23.0,51.6,Clayey,Sugarcane,20-20
48,88,81,42.7,39.3,54.3,Clayey,Tobacco,20-20
116,105,131,20.3,87.0,20.6,Clayey,Maize,10-26-26
60,103,50,44.4,44.9,28.4,Red,Sugarcane,17-17-17
137,87,179,28.5,31.0,14.4,Red,Ground Nuts,14-35-14
21,68,191,33.5,18.5,47.0,Black,Maize,10-26-26
14,43,172,22.0,50.8,54.5,Black,Sugarcane,DAP
120,30,183,40.2,73.9,15.6,Clayey,Paddy,DAP
131,136,129,35.0,45.4,13.0,Loamy,Millets,20-20
56,41,52,18.3,22.2,57.0,Sandy,Tobacco,17-17-17
80,7,10,33.7,61.0,20.4,Clayey,Paddy,DAP
80,86,41,26.8,27.7,18.8,Black,Barley,28-28
36,20,160,31.3,17.4,33.2,Red,Ground Nuts,DAP
27,49,34,32.6,84.5,52.9,Black,Maize,17-17-17
40,66,47,39.5,60.8,43.8,Clayey,Millets,Urea
83,123,110,21.6,39.8,57.3,Loamy,Paddy,14-35-14
22,134,126,22.4,39.8,45.4,Black,Barley,28-28
18,94,38,28.0,77.5,49.0,Loamy,Barley,28-28
88,15,157,20.5,62.4,16.7,Sandy,Millets,DAP
17,4,167,20.6,84.1,40.7,Black,Barley,Urea
48,3,177,23.5,89.0,37.3,Loamy,Millets,DAP
58,129,118,41.0,76.6,13.8,Red,Barley,28-28
27,129,65,26.7,43.0,36.2,Red,Pulses,14-35-14
57,36,176,38.8,41.1,27.8,Sandy,Paddy,10-26-26
102,71,170,20.8,86.8,38.6,Red,Sugarcane,20-20
45,24,120,41.0,59.0,55.6,Sandy,Paddy,DAP
28,37,196,18.2,37.3,13.3,Black,Pulses,Urea
34,141,55,44.1,65.4,21.9,Sandy,Pulses,14-35-14
124,52,185,19.6,67.0,39.8,Clayey,Millets,Urea
111,16,131,37.8,21.5,34.5,Loamy,Barley,DAP
0,30,127,18.1,78.5,27.9,Black,Sugarcane,Urea
73,48,111,42.9,29.9,52.1,Black,Oil seeds,14-35-14
113,14,62,31.6,44.2,54.5,Black,Maize,DAP
140,61,195,31.1,85.6,23.9,Clayey,Tobacco,20-20
23,96,38,34.2,23.9,46.5,Sandy,Oil seeds,14-35-14
19,15,148,21.0,97.5,35.9,Sandy,Maize,Urea
128,140,53,16.6,98.5,55.6,Loamy,Cotton,17-17-17
99,124,171,24.2,54.0,53.2,Sandy,Tobacco,10-26-26
4,124,110,41.4,29.6,46.2,Sandy,Sugarcane,17-17-17
86,84,204,35.4,66.1,59.2,Red,Oil seeds,14-35-14
135,3,168,28.1,97.9,48.3,Clayey,Oil seeds,DAP
32,138,15,28.8,42.5,42.9,Red,Cotton,14-35-14
8,77,78,28.2,91.6,52.8,Red,Millets,Urea
129,69,1,18.1,36.4,12.4,Red,Oil seeds,14-35-14
114,132,101,26.0,15.4,52.0,Sandy,Barley,28-28
54,106,137,38.4,17.8,44.7,Sandy,Paddy,28-28
0,107,158,44.4,69.5,28.3,Loamy,Millets,Urea
12,140,104,30.7,29.7,11.1,Red,Paddy,10-26-26
25,131,101,43.4,76.7,37.9,Clayey,Millets,Urea
105,94,61,18.4,79.9,29.3,Black,Tobacco,14-35-14
49,133,191,33.7,35.9,22.0,Clayey,Tobacco,10-26-26
47,88,126,39.8,90.4,10.3,Sandy,Sugarcane,Urea
26,51,74,30.4,76.5,33.8,Red,Pulses,14-35-14
63,28,201,24.3,54.5,21.7,Loamy,Tobacco,DAP
99,72,165,24.3,45.2,60.0,Sandy,Wheat,28-28
123,113,83,30.8,85.2,21.1,Black,Cotton,17-17-17
23,108,166,22.8,94.4,34.4,Clayey,Barley,28-28
131,71,47,40.4,91.4,29.4,Black,Paddy,10-26-26
20,23,43,33.1,91.8,16.7,Clayey,Sugarcane,Urea
100,0,11,22.8,74.1,47.9,Loamy,Millets,DAP
52,99,16,38.7,96.8,17.4,Black,Paddy,17-17-17
42,103,92,43.7,50.6,19.3,Red,Ground Nuts,14-35-14
116,19,142,37.0,20.3,12.1,Black,Paddy,DAP
92,40,99,21.5,88.0,32.3,Sandy,Wheat,DAP
139,143,26,31.6,94.0,38.7,Black,Pulses,14-35-14
86,16,10,30.3,24.8,52.1,Black,Cotton,DAP
125,143,38,39.2,53.6,13.8,Clayey,Wheat,28-28
122,18,105,17.7,29.4,58.8,Sandy,Maize,DAP
127,60,170,29.3,93.2,26.7,Sandy,Ground Nuts,14-35-14
28,68,149,39.5,80.4,27.3,Black,Paddy,10-26-26
113,5,21,42.7,46.6,13.0,Sandy,Tobacco,DAP
103,101,143,20.1,92.6,44.1,Sandy,Cotton,14-35-14
48,49,163,43.9,50.3,48.2,Clayey,Millets,Urea
19,120,96,36.0,24.1,16.3,Red,Barley,28-28
61,125,141,27.7,36.9,32.0,Clayey,Pulses,14-35-14
100,59,42,42.5,47.7,31.7,Red,Cotton,14-35-14
94,94,166,25.4,34.2,32.9,Black,Maize,10-26-26
116,107,14,26.2,79.8,10.3,Loamy,Pulses,14-35-14
65,114,59,34.3,92.0,38.3,Sandy,Paddy,10-26-26
118,56,130,32.2,17.2,28.7,Black,Tobacco,DAP
0,22,106,23.2,78.0,31.0,Loamy,Sugarcane,Urea
61,72,2,30.9,82.6,58.4,Black,Pulses,14-35-14
47,4,58,44.6,95.1,45.6,Loamy,Tobacco,DAP
127,124,157,44.3,97.8,16.3,Clayey,Maize,10-26-26
23,138,193,29.6,33.6,48.1,Red,Pulses,14-35-14
123,21,156,23.5,93.2,31.4,Red,Ground Nuts,DAP
78,38,167,35.6,75.8,23.7,Red,Barley,DAP
51,125,146,24.1,88.0,19.9,Clayey,Wheat,28-28
124,130,20,28.4,87.0,26.9,Black,Maize,28-28
50,73,16,24.8,35.0,41.2,Red,Tobacco,14-35-14
79,102,201,22.5,94.5,23.1,Sandy,Maize,10-26-26
79,12,188,39.0,34.2,37.9,Loamy,Tobacco,DAP
29,66,183,33.3,56.9,45.6,Black,Ground Nuts,14-35-14
7,95,161,42.5,92.7,34.8,Red,Paddy,10-26-26
101,129,71,15.5,96.1,48.9,Red,Barley,28-28
136,92,99,28.3,37.6,16.6,Black,Oil seeds,14-35-14
101,66,49,24.2,32.1,18.6,Black,Oil seeds,14-35-14
110,39,124,27.5,24.9,28.6,Loamy,Wheat,DAP
129,37,132,38.3,53.2,41.5,Sandy,Oil seeds,14-35-14
84,132,23,26.8,76.2,38.6,Clayey,Wheat,28-28
34,118,33,18.8,56.0,36.1,Loamy,Wheat,28-28
12,41,164,42.4,62.9,36.1,Black,Pulses,14-35-14
9,140,105,34.2,43.3,12.4,Clayey,Barley,28-28
127,60,25,29.4,43.3,47.1,Sandy,Maize,28-28
15,15,204,42.7,73.6,22.4,Sandy,Paddy,Urea
78,137,41,21.9,32.5,30.0,Clayey,Millets,Urea
23,25,57,16.7,50.3,32.6,Sandy,Oil seeds,Urea
15,4,156,24.7,51.0,34.0,Clayey,Barley,Urea
79,97,106,43.4,35.8,47.1,Sandy,Maize,10-26-26
60,125,43,25.9,59.2,15.9,Black,Oil seeds,14-35-14
38,13,196,19.4,68.7,54.5,Black,Millets,DAP
0,108,81,31.2,80.0,37.7,Sandy,Maize,28-28
51,45,106,33.5,44.8,31.2,Clayey,Oil seeds,14-35-14
88,55,4,16.4,81.5,29.2,Clayey,Paddy,Urea
27,12,170,31.1,84.3,21.9,Red,Paddy,Urea
62,140,92,31.4,66.9,56.7,Red,Maize,28-28
45,128,200,30.5,99.8,50.2,Sandy,Oil seeds,14-35-14
101,98,160,29.5,84.8,52.0,Black,Oil seeds,14-35-14
25,41,76,26.7,15.2,22.7,Loamy,Tobacco,17-17-17
10,25,175,19.8,78.6,45.5,Sandy,Maize,Urea
4,111,151,25.6,42.3,28.5,Sandy,Sugarcane,10-26-26
126,64,79,28.8,69.6,48.1,Black,Tobacco,28-28
20,102,106,22.1,76.1,31.7,Clayey,Millets,Urea
62,66,185,34.0,21.0,15.7,Loamy,Ground Nuts,14-35-14
114,76,160,30.0,37.2,29.5,Red,Ground Nuts,14-35-14
113,25,167,26.3,47.9,33.0,Black,Maize,DAP
120,56,106,28.2,38.3,48.2,Red,Ground Nuts,14-35-14
73,126,176,42.3,77.6,15.3,Clayey,Oil seeds,14-35-14
20,141,73,32.6,81.0,56.0,Loamy,Barley,28-28
15,23,74,17.8,90.0,37.2,Sandy,Wheat,Urea
17,77,91,25.9,72.6,47.1,Loamy,Oil seeds,14-35-14
96,52,82,28.7,51.8,18.8,Clayey,Cotton,20-20
68,85,169,20.9,66.2,47.1,Black,Wheat,28-28
85,47,107,40.7,30.6,22.1,Clayey,Maize,10-26-26
137,98,76,33.7,27.1,12.3,Loamy,Maize,28-28
2,132,84,18.8,33.2,46.8,Black,Millets,Urea
134,52,113,41.7,63.7,57.5,Sandy,Sugarcane,20-20
24,62,195,18.2,51.2,20.7,Clayey,Barley,28-28
109,29,8,35.3,84.6,57.2,Clayey,Oil seeds,DAP
105,63,201,15.6,38.3,12.7,Loamy,Cotton,Urea
80,32,62,24.3,82.6,15.5,Loamy,Maize,DAP
100,60,161,37.5,38.5,31.0,Sandy,Barley,28-28
46,45,86,32.7,37.6,56.9,Black,Pulses,14-35-14
39,95,22,39.4,43.0,58.2,Sandy,Wheat,28-28
20,2,45,16.4,64.4,21.1,Loamy,Millets,Urea
89,112,50,24.4,33.7,31.5,Clayey,Ground Nuts,14-35-14
28,109,70,18.9,75.5,44.0,Sandy,Cotton,14-35-14
27,45,70,42.1,72.1,24.5,Sandy,Ground Nuts,14-35-14
94,62,102,21.9,74.7,29.7,Red,Sugarcane,20-20
6,86,96,22.4,89.9,28.0,Red,Pulses,14-35-14
8,136,139,37.1,47.8,16.5,Sandy,Cotton,14-35-14
50,31,87,25.7,39.4,47.9,Clayey,Pulses,DAP
65,72,49,23.2,48.6,47.5,Red,Ground Nuts,14-35-14
96,4,125,37.8,29.3,39.4,Red,Maize,DAP
81,87,131,36.0,92.8,10.5,Loamy,Ground Nuts,14-35-14
30,140,168,23.4,82.6,31.4,Sandy,Wheat,28-28
110,113,199,31.2,83.5,58.0,Black,Paddy,10-26-26
19,37,100,43.4,76.5,10.6,Clayey,Paddy,Urea
53,91,69,15.8,21.2,31.9,Clayey,Maize,28-28
87,86,30,27.9,31.9,57.4,Black,Millets,20-20
127,110,15,38.1,21.8,48.8,Black,Wheat,28-28
119,34,125,18.3,23.0,44.2,Sandy,Wheat,DAP
140,110,162,30.2,17.4,55.2,Loamy,Barley,28-28
25,71,43,28.8,42.1,59.2,Loamy,Ground Nuts,14-35-14
76,12,152,15.5,21.1,22.9,Red,Maize,DAP
105,36,106,30.2,34.2,53.7,Loamy,Cotton,20-20
87,39,133,17.9,20.0,35.2,Red,Millets,Urea
138,105,98,34.5,56.9,49.9,Red,Paddy,14-35-14
93,122,175,15.5,97.2,21.8,Loamy,Wheat,28-28
100,50,174,15.6,97.7,21.1,Black,Cotton,DAP
73,113,53,40.6,77.0,14.0,Sandy,Paddy,DAP
73,116,2,37.3,72.7,52.5,Clayey,Maize,28-28
33,55,66,38.1,14.5,46.9,Loamy,Barley,28-28
39,132,196,35.0,44.4,38.7,Clayey,Maize,10-26-26
4,118,87,27.8,91.5,32.7,Black,Oil seeds,14-35-14
49,57,0,38.2,23.9,37.9,Clayey,Ground Nuts,14-35-14
79,26,190,24.5,26.1,28.9,Loamy,Paddy,DAP
69,142,186,32.6,59.5,15.8,Black,Oil seeds,14-35-14
63,79,86,36.2,63.0,11.9,Sandy,Tobacco,10-26-26
35,53,144,26.7,64.5,38.9,Loamy,Maize,10-26-26
28,141,17,25.4,21.4,24.8,Red,Tobacco,20-20
122,21,86,17.7,63.7,42.5,Black,Cotton,DAP
118,137,204,35.1,22.5,43.2,Clayey,Millets,Urea
62,4,24,22.4,48.3,26.5,Clayey,Wheat,DAP
4,62,31,30.2,69.4,33.1,Red,Cotton,14-35-14
55,136,105,35.5,72.2,35.3,Black,Oil seeds,14-35-14
84,13,36,15.7,56.9,48.8,Black,Sugarcane,DAP
27,58,72,24.9,22.8,23.2,Loamy,Tobacco,17-17-17
79,71,15,24.7,78.0,20.1,Loamy,Tobacco,17-17-17
112,139,69,40.4,91.9,32.6,Sandy,Sugarcane,20-20
31,19,15,30.5,72.9,55.7,Red,Millets,Urea
75,14,180,19.4,30.2,56.7,Clayey,Millets,DAP
74,27,73,35.7,65.1,47.4,Clayey,Paddy,DAP
16,96,54,22.4,77.6,49.1,Sandy,Oil seeds,14-35-14
72,118,168,20.7,71.1,14.9,Clayey,Barley,28-28
137,114,53,31.2,27.5,33.6,Sandy,Cotton,14-35-14
46,117,125,36.4,16.6,24.5,Sandy,Pulses,14-35-14
73,20,60,22.0,26.5,41.5,Clayey,Sugarcane,DAP
138,14,200,16.1,70.0,59.4,Clayey,Sugarcane,DAP
26,20,48,40.4,67.5,41.7,Black,Ground Nuts,Urea
22,128,124,36.7,99.4,44.7,Loamy,Ground Nuts,14-35-14
19,18,12,44.9,81.0,40.6,Black,Sugarcane,Urea
113,65,118,41.5,74.9,22.1,Clayey,Ground Nuts,14-35-14
58,31,82,23.8,14.8,41.7,Clayey,Millets,DAP
102,113,160,20.2,28.0,48.2,Sandy,Cotton,14-35-14
43,140,75,17.2,49.0,26.9,Red,Barley,28-28
125,116,133,33.1,97.9,56.9,Loamy,Tobacco,17-17-17
49,59,140,42.0,19.9,25.1,Red,Barley,28-28
25,137,139,31.7,88.6,30.9,Sandy,Paddy,10-26-26
59,98,46,36.3,35.4,51.2,Black,Sugarcane,DAP
33,40,167,34.0,32.5,26.8,Red,Millets,20-20
8,8,128,43.3,91.5,22.4,Clayey,Paddy,Urea
15,37,138,24.1,41.6,58.1,Clayey,Cotton,Urea
7,97,133,22.8,84.4,21.4,Clayey,Ground Nuts,14-35-14
56,75,112,16.8,65.3,45.9,Red,Paddy,28-28
8,68,73,36.3,79.6,46.5,Clayey,Tobacco,17-17-17
50,98,177,17.2,49.1,42.4,Clayey,Wheat,28-28
120,59,178,15.1,23.4,27.5,Clayey,Maize,10-26-26
121,40,47,30.7,29.8,24.1,Clayey,Paddy,20-20
37,91,140,34.8,24.5,47.2,Red,Cotton,14-35-14
56,136,115,38.7,27.7,22.6,Clayey,Cotton,14-35-14
106,78,133,37.0,24.8,23.8,Sandy,Oil seeds,14-35-14
57,136,112,34.9,14.5,17.1,Red,Ground Nuts,14-35-14
98,92,116,38.6,63.4,14.5,Loamy,Tobacco,17-17-17
84,62,192,36.1,86.4,37.0,Black,Wheat,28-28
116,50,64,41.8,18.2,19.3,Clayey,Barley,28-28
18,9,15,43.5,90.5,32.9,Loamy,Pulses,Urea
8,103,137,33.9,19.9,17.3,Black,Tobacco,17-17-17
90,73,43,26.7,48.4,48.2,Black,Millets,Urea
84,109,165,37.8,66.2,40.8,Sandy,Barley,28-28
132,63,75,23.5,68.4,20.9,Red,Ground Nuts,14-35-14
1,139,39,38.6,69.2,12.3,Loamy,Sugarcane,Urea
131,90,100,25.4,28.5,51.9,Red,Tobacco,Urea
115,93,174,41.1,22.3,10.7,Black,Wheat,28-28
40,127,150,34.3,72.6,20.6,Red,Wheat,28-28
76,130,119,23.6,35.5,10.2,Red,Oil seeds,14-35-14
51,54,36,41.8,86.2,22.6,Black,Sugarcane,20-20
6,54,27,40.2,48.0,55.0,Red,Paddy,DAP
109,83,10,34.6,65.7,12.4,Loamy,Wheat,28-28
52,60,127,24.7,95.0,12.1,Clayey,Millets,20-20
105,37,171,17.1,93.9,27.2,Sandy,Tobacco,14-35-14
45,91,104,38.2,37.4,47.0,Black,Pulses,14-35-14
46,110,6,28.1,75.1,33.0,Clayey,Ground Nuts,14-35-14
138,84,73,29.9,83.8,43.3,Clayey,Tobacco,14-35-14
73,52,38,37.8,93.0,20.9,Black,Oil seeds,14-35-14
39,145,152,25.3,23.8,12.6,Loamy,Maize,10-26-26
52,25,53,36.8,76.9,21.1,Black,Maize,DAP
45,54,49,36.9,14.7,46.7,Clayey,Pulses,14-35-14
53,16,172,44.8,42.1,56.1,Loamy,Millets,DAP
82,20,32,16.5,82.9,32.0,Black,Tobacco,DAP
32,17,17,32.8,79.0,24.9,Red,Oil seeds,14-35-14
67,98,18,28.0,82.2,43.1,Loamy,Tobacco,17-17-17
36,91,123,34.8,91.8,18.9,Sandy,Oil seeds,14-35-14
126,52,40,44.0,22.3,55.1,Loamy,Paddy,10-26-26
68,74,156,15.7,25.7,43.0,Loamy,Pulses,14-35-14
73,59,41,20.4,78.1,15.9,Loamy,Oil seeds,14-35-14
46,13,66,30.3,19.0,38.2,Sandy,Millets,DAP
16,142,96,19.2,66.6,21.2,Red,Pulses,14-35-14
107,50,113,32.6,71.0,47.1,Black,Maize,10-26-26
80,71,146,42.6,55.8,42.0,Red,Pulses,14-35-14
23,109,51,23.4,41.6,58.4,Loamy,Millets,Urea
18,43,160,41.3,70.8,25.2,Loamy,Sugarcane,14-35-14
63,103,12,42.9,72.8,42.8,Sandy,Tobacco,DAP
136,112,102,31.3,38.1,37.1,Red,Millets,Urea
27,107,8,26.9,73.4,47.0,Black,Maize,28-28
20,81,178,32.1,76.5,48.7,Red,Sugarcane,10-26-26
91,122,156,28.2,38.6,14.8,Sandy,Ground Nuts,14-35-14
35,69,32,44.9,76.5,10.8,Clayey,Barley,28-28
91,52,35,32.3,36.9,23.7,Black,Maize,28-28
53,5,128,18.6,55.6,29.1,Black,Cotton,DAP
90,37,153,26.8,84.3,26.3,Sandy,Pulses,14-35-14
89,5,194,17.3,24.4,59.4,Red,Paddy,DAP
139,82,39,43.1,49.4,49.5,Loamy,Maize,28-28
128,42,82,37.4,91.0,53.1,Red,Wheat,DAP
12,131,27,33.6,93.3,32.8,Sandy,Millets,Urea
13,79,119,42.3,63.5,45.1,Sandy,Paddy,28-28
130,80,110,29.1,77.5,12.4,Clayey,Wheat,28-28
137,102,130,40.2,34.3,25.9,Clayey,Barley,28-28
61,61,9,27.5,42.1,39.8,Loamy,Millets,20-20
15,72,115,39.8,97.8,52.3,Sandy,Millets,20-20
86,113,55,20.5,18.8,57.4,Clayey,Sugarcane,20-20
121,119,40,24.9,74.0,50.9,Black,Cotton,17-17-17
14,123,130,15.8,37.0,16.6,Loamy,Barley,28-28
112,7,205,28.6,69.0,53.9,Sandy,Millets,DAP
64,108,45,44.2,34.8,35.7,Clayey,Wheat,28-28
125,144,12,42.3,74.9,55.2,Loamy,Cotton,28-28
118,45,156,39.6,93.4,31.5,Red,Maize,10-26-26
19,110,145,45.0,39.8,51.0,Clayey,Tobacco,10-26-26
7,27,115,39.3,79.5,48.1,Red,Oil seeds,Urea
45,97,101,16.3,45.7,34.9,Clayey,Pulses,14-35-14
68,15,181,44.3,75.3,28.9,Red,Paddy,DAP
114,94,94,17.8,22.2,33.8,Red,Sugarcane,20-20
29,25,176,42.8,87.8,24.8,Red,Oil seeds,Urea
19,98,43,44.9,14.4,42.0,Black,Barley,28-28
47,100,194,32.2,97.2,59.1,Sandy,Barley,28-28
139,87,104,21.3,70.5,35.5,Loamy,Oil seeds,14-35-14
29,125,35,40.6,47.4,55.7,Loamy,Maize,28-28
117,122,187,32.5,94.7,24.2,Loamy,Ground Nuts,14-35-14
66,37,23,27.1,69.3,35.9,Black,Pulses,14-35-14
44,124,95,22.7,62.9,41.6,Loamy,Barley,28-28
46,92,100,27.4,26.7,25.2,Sandy,Wheat,28-28
3,144,164,29.7,32.8,19.3,Red,Tobacco,10-26-26
85,96,152,29.9,95.9,41.3,Black,Oil seeds,14-35-14
50,62,79,29.2,77.3,26.3,Black,Oil seeds,14-35-14
93,80,102,39.7,79.3,28.3,Clayey,Cotton,10-26-26
11,136,77,28.6,68.4,37.0,Sandy,Ground Nuts,14-35-14
10,105,82,40.0,85.4,57.3,Sandy,Wheat,28-28
52,106,32,28.4,99.0,43.5,Clayey,Maize,28-28
61,81,129,41.8,29.6,32.9,Sandy,Tobacco,14-35-14
31,104,24,26.3,82.1,36.4,Sandy,Cotton,14-35-14
43,47,157,40.7,58.5,21.6,Black,Tobacco,14-35-14
130,142,65,22.0,58.3,46.4,Black,Pulses,14-35-14
118,45,83,31.7,85.0,19.2,Red,Tobacco,DAP
12,138,164,29.3,18.9,45.9,Black,Paddy,17-17-17
36,126,18,44.2,22.3,35.6,Clayey,Tobacco,Urea
57,69,197,23.4,93.7,58.2,Sandy,Barley,28-28
2,98,44,28.3,99.4,34.4,Sandy,Oil seeds,14-35-14
38,41,202,24.1,22.4,42.2,Red,Ground Nuts,14-35-14
126,115,148,26.9,20.4,28.1,Black,Cotton,10-26-26
51,109,45,31.5,46.3,16.4,Red,Cotton,14-35-14
52,47,122,23.3,40.1,21.2,Clayey,Oil seeds,14-35-14
4,29,21,43.8,94.7,44.8,Black,Millets,Urea
116,135,7,19.2,40.6,12.2,Black,Wheat,28-28
11,46,182,44.8,34.3,22.0,Black,Millets,Urea
101,31,61,21.7,77.8,13.1,Loamy,Pulses,DAP
101,127,85,36.0,43.9,32.8,Clayey,Millets,Urea
112,137,174,40.4,84.6,42.5,Red,Paddy,10-26-26
99,38,66,21.2,45.1,34.5,Clayey,Cotton,28-28
73,94,74,44.9,90.1,14.0,Black,Paddy,17-17-17
104,68,185,24.3,33.0,29.5,Sandy,Tobacco,28-28
40,118,18,37.9,39.9,13.4,Red,Pulses,14-35-14
20,7,166,38.0,16.9,51.4,Sandy,Tobacco,Urea
67,130,108,26.2,41.0,53.2,Black,Pulses,14-35-14
37,28,54,24.3,72.9,51.1,Black,Ground Nuts,DAP
109,30,2,39.9,41.7,24.9,Black,Oil seeds,DAP
128,107,52,32.7,39.3,13.4,Clayey,Cotton,10-26-26
81,30,191,39.7,97.6,19.0,Sandy,Pulses,DAP
0,74,138,24.0,25.6,31.1,Black,Ground Nuts,14-35-14
93,95,107,38.8,52.1,46.2,Black,Millets,Urea
54,76,62,35.5,47.1,53.5,Loamy,Wheat,28-28
103,107,88,36.8,55.4,37.8,Loamy,Paddy,DAP
90,136,122,23.6,90.8,47.7,Sandy,Cotton,14-35-14
86,30,50,18.5,19.3,25.5,Clayey,Barley,DAP
39,44,202,19.8,97.0,20.2,Black,Cotton,17-17-17
107,128,140,16.6,34.6,51.6,Sandy,Oil seeds,14-35-14
74,32,84,39.5,21.5,24.6,Loamy,Sugarcane,DAP
36,13,199,29.4,35.9,26.3,Loamy,Maize,DAP
102,34,101,16.2,17.1,48.0,Sandy,Maize,DAP
68,27,142,41.6,81.8,33.8,Sandy,Millets,DAP
53,41,22,37.0,81.5,42.5,Sandy,Sugarcane,Urea
10,62,21,41.3,56.0,21.2,Clayey,Pulses,14-35-14
92,49,89,31.0,38.9,42.9,Red,Pulses,14-35-14
135,87,194,21.4,92.2,54.5,Black,Oil seeds,14-35-14
109,129,63,22.9,66.7,27.2,Sandy,Millets,Urea
43,141,82,18.3,84.0,47.2,Clayey,Paddy,DAP
81,129,115,29.0,18.8,55.9,Clayey,Wheat,28-28
118,6,71,31.1,51.1,45.5,Loamy,Millets,DAP
86,31,2,21.5,29.8,48.6,Loamy,Tobacco,DAP
131,29,69,27.6,41.7,46.0,Black,Maize,DAP
91,20,7,21.2,96.8,57.9,Black,Barley,DAP
116,67,201,16.5,70.3,13.9,Clayey,Maize,10-26-26
5,72,25,27.8,44.7,59.9,Red,Cotton,14-35-14
58,37,32,35.7,66.4,60.0,Loamy,Cotton,DAP
28,83,161,43.4,60.7,13.2,Clayey,Barley,28-28
7,112,147,32.8,89.1,30.5,Black,Millets,Urea
117,19,10,30.1,97.2,14.4,Loamy,Millets,DAP
51,136,162,32.4,91.5,11.1,Clayey,Tobacco,10-26-26
93,93,40,19.0,17.0,29.8,Red,Millets,20-20
37,41,198,36.5,31.2,33.0,Clayey,Millets,Urea
64,24,36,42.9,36.7,22.0,Black,Ground Nuts,DAP
66,102,90,24.6,62.1,24.0,Clayey,Millets,Urea
9,8,86,28.9,97.1,24.9,Black,Cotton,Urea
71,117,67,26.7,84.6,19.9,Black,Oil seeds,14-35-14
57,42,196,19.8,68.6,31.5,Clayey,Cotton,17-17-17
15,109,150,17.0,50.6,16.3,Clayey,Barley,28-28
51,126,173,32.8,92.5,32.6,Loamy,Ground Nuts,14-35-14
10,138,190,44.9,50.8,54.4,Clayey,Cotton,10-26-26
71,54,203,22.3,28.3,39.6,Loamy,Sugarcane,20-20
113,64,9,31.9,83.2,21.9,Sandy,Millets,20-20
83,135,194,33.3,58.9,35.9,Black,Ground Nuts,14-35-14
113,13,61,22.5,33.7,11.6,Sandy,Oil seeds,DAP
47,66,24,20.0,82.7,18.9,Black,Sugarcane,10-26-26
16,94,195,40.2,69.8,38.5,Black,Oil seeds,14-35-14
31,142,81,43.9,51.2,43.3,Loamy,Oil seeds,14-35-14
50,74,49,41.1,94.2,50.3,Loamy,Ground Nuts,14-35-14
106,55,79,36.0,67.4,11.0,Black,Barley,28-28
88,30,142,33.2,28.5,52.9,Loamy,Paddy,DAP
132,12,31,24.1,88.1,34.4,Red,Barley,DAP
67,142,25,21.0,48.4,18.4,Sandy,Ground Nuts,14-35-14
62,133,185,24.6,95.8,42.3,Loamy,Tobacco,17-17-17
57,39,88,42.8,29.0,54.1,Clayey,Oil seeds,14-35-14
75,143,122,30.1,71.6,54.9,Loamy,Tobacco,17-17-17
42,31,102,42.1,46.6,11.5,Sandy,Ground Nuts,DAP
22,96,38,27.1,87.2,19.6,Loamy,Sugarcane,28-28
21,4,138,43.2,63.7,50.3,Sandy,Wheat,Urea
31,60,24,15.1,91.4,17.4,Black,Cotton,20-20
38,1,80,31.7,43.8,30.8,Sandy,Pulses,DAP
77,110,141,24.2,76.6,37.6,Loamy,Pulses,14-35-14
126,22,37,41.2,14.1,36.5,Clayey,Paddy,DAP
44,48,160,23.2,88.4,24.2,Loamy,Ground Nuts,14-35-14
89,55,19,22.9,85.3,45.1,Loamy,Oil seeds,14-35-14
113,8,42,32.8,22.7,10.1,Clayey,Cotton,DAP
86,89,193,24.5,30.8,48.8,Loamy,Wheat,28-28
84,135,121,16.8,78.8,12.3,Sandy,Cotton,14-35-14
60,135,85,28.2,71.6,32.8,Clayey,Paddy,20-20
47,45,45,32.3,28.9,13.3,Clayey,Ground Nuts,14-35-14
18,41,91,31.2,88.7,48.7,Sandy,Cotton,14-35-14
108,134,171,37.7,82.2,44.8,Clayey,Millets,Urea
37,84,82,32.4,86.3,29.0,Black,Barley,28-28
136,127,52,36.5,63.7,21.5,Sandy,Sugarcane,20-20
17,117,136,38.6,52.7,23.1,Black,Tobacco,14-35-14
81,16,180,15.6,76.1,54.0,Black,Oil seeds,DAP
103,8,0,28.2,26.6,55.1,Clayey,Barley,DAP
135,74,104,43.4,99.8,58.8,Black,Pulses,14-35-14
2,72,197,38.1,20.8,42.8,Sandy,Oil seeds,14-35-14
122,54,110,43.1,83.2,46.5,Black,Maize,10-26-26
39,29,24,20.7,88.5,46.3,Loamy,Pulses,DAP
6,119,130,40.2,98.2,43.9,Black,Maize,10-26-26
52,101,138,34.4,91.7,55.5,Sandy,Wheat,28-28
33,104,13,18.0,39.6,49.9,Clayey,Pulses,14-35-14
136,114,32,15.9,68.0,29.8,Red,Tobacco,10-26-26
6,29,73,26.6,74.3,39.2,Clayey,Pulses,Urea
84,132,88,41.3,86.5,18.8,Red,Oil seeds,14-35-14
84,31,42,31.2,60.7,49.5,Clayey,Pulses,DAP
19,5,78,43.2,32.9,53.2,Sandy,Cotton,Urea
57,36,77,16.0,26.7,19.4,Red,Oil seeds,14-35-14
66,102,125,35.8,32.7,54.6,Sandy,Barley,28-28
138,12,163,19.3,83.9,40.2,Loamy,Wheat,DAP
21,59,129,22.2,56.0,20.8,Red,Cotton,14-35-14
27,123,7,25.6,83.8,56.1,Red,Sugarcane,10-26-26
58,27,61,32.9,87.9,29.1,Sandy,Sugarcane,DAP
27,23,6,42.6,62.5,27.8,Loamy,Pulses,Urea
20,136,139,36.8,82.1,32.1,Sandy,Sugarcane,20-20
70,88,141,15.6,15.0,48.5,Black,Paddy,10-26-26
43,144,124,42.5,94.3,39.8,Black,Ground Nuts,14-35-14
27,139,170,36.0,88.1,20.1,Loamy,Pulses,14-35-14
62,9,205,17.0,59.7,16.8,Clayey,Paddy,DAP
117,17,93,42.0,42.4,52.5,Red,Cotton,DAP
28,46,139,41.9,34.8,45.3,Clayey,Paddy,DAP
62,51,9,40.0,49.2,40.9,Clayey,Pulses,14-35-14
127,47,91,37.0,57.2,47.3,Clayey,Millets,Urea
76,92,103,41.4,91.0,32.7,Black,Paddy,17-17-17
40,43,136,22.4,85.7,37.4,Sandy,Sugarcane,17-17-17
130,6,81,39.4,43.6,55.7,Loamy,Ground Nuts,DAP
121,59,162,41.6,99.7,46.6,Black,Cotton,17-17-17
89,16,34,29.9,29.9,33.3,Clayey,Ground Nuts,DAP
16,100,14,31.9,97.5,27.3,Sandy,Pulses,14-35-14
10,47,153,19.1,40.7,41.2,Black,Maize,10-26-26
89,8,39,27.7,22.3,16.0,Loamy,Pulses,DAP
54,13,204,38.1,27.7,45.1,Loamy,Tobacco,DAP
127,117,141,31.7,94.5,15.6,Loamy,Barley,28-28
62,25,9,27.8,55.7,44.3,Black,Paddy,DAP
71,111,50,44.4,45.9,57.9,Loamy,Wheat,28-28
71,15,110,23.2,65.0,24.2,Loamy,Oil seeds,DAP
135,24,132,39.3,26.0,49.2,Loamy,Oil seeds,DAP
31,110,16,40.1,60.8,46.9,Sandy,Cotton,14-35-14
117,30,148,22.3,91.8,52.0,Clayey,Maize,DAP
65,110,36,15.3,54.4,24.6,Sandy,Millets,Urea
113,93,3,21.7,52.0,46.9,Clayey,Cotton,10-26-26
127,81,120,44.3,17.2,37.0,Red,Pulses,14-35-14
131,9,139,18.8,79.1,44.5,Clayey,Cotton,DAP
68,107,69,24.1,46.8,18.8,Sandy,Tobacco,28-28
132,31,120,20.4,40.5,37.2,Loamy,Oil seeds,DAP
76,10,21,41.1,29.7,44.3,Clayey,Wheat,DAP
18,87,93,15.2,58.3,17.5,Clayey,Paddy,10-26-26
57,61,145,20.3,88.3,48.5,Red,Cotton,14-35-14
4,94,189,38.2,45.6,18.1,Sandy,Maize,10-26-26
93,41,107,29.1,74.9,30.8,Clayey,Ground Nuts,14-35-14
5,122,41,17.9,77.1,47.1,Clayey,Cotton,10-26-26
10,109,15,25.6,90.9,12.8,Clayey,Wheat,28-28
14,42,26,41.5,87.4,39.9,Black,Pulses,14-35-14
7,134,80,24.1,70.8,26.0,Red,Barley,28-28
132,127,4,25.6,84.6,27.1,Clayey,Pulses,14-35-14
111,7,157,38.0,63.2,54.6,Clayey,Millets,DAP
112,51,120,23.1,69.9,26.8,Sandy,Maize,10-26-26
131,59,73,42.4,91.5,35.9,Clayey,Barley,28-28
34,105,23,29.6,68.6,15.2,Sandy,Pulses,14-35-14
120,38,22,44.1,18.4,27.5,Loamy,Paddy,DAP
110,87,39,39.8,21.7,25.0,Clayey,Barley,28-28
130,125,142,31.9,14.5,45.6,Black,Pulses,14-35-14
73,120,127,28.1,68.4,13.8,Sandy,Wheat,28-28
107,15,167,22.3,50.1,27.8,Loamy,Cotton,DAP
57,105,65,18.8,90.8,48.5,Loamy,Barley,28-28
88,87,5,41.3,19.4,39.2,Sandy,Oil seeds,14-35-14
86,68,123,33.5,89.6,47.0,Sandy,Ground Nuts,14-35-14
127,57,47,18.4,99.4,11.1,Red,Wheat,28-28
55,38,80,31.8,34.6,37.8,Black,Barley,DAP
88,21,22,23.0,84.6,46.2,Sandy,Paddy,DAP
76,72,142,20.2,98.2,19.1,Loamy,Pulses,14-35-14
6,123,31,42.4,18.8,57.4,Clayey,Paddy,28-28
46,121,52,38.8,51.8,47.4,Red,Maize,28-28
100,121,171,21.8,36.3,28.8,Sandy,Tobacco,10-26-26
41,140,128,40.8,62.2,29.2,Sandy,Pulses,14-35-14
114,119,27,32.2,38.7,43.1,Sandy,Tobacco,20-20
37,12,111,26.8,86.9,56.0,Sandy,Sugarcane,DAP
77,119,78,23.4,21.4,19.6,Sandy,Cotton,14-35-14
82,25,127,31.6,91.8,49.4,Loamy,Ground Nuts,DAP
36,111,192,25.1,17.7,55.2,Sandy,Wheat,28-28
36,114,140,30.9,89.5,50.5,Loamy,Wheat,28-28
59,10,119,42.9,58.5,11.1,Loamy,Pulses,DAP
61,11,154,38.5,24.0,52.3,Clayey,Tobacco,DAP
134,94,13,35.8,86.1,58.0,Clayey,Ground Nuts,14-35-14
37,38,85,18.4,61.3,17.6,Red,Wheat,DAP
34,72,114,40.4,19.2,57.7,Loamy,Tobacco,17-17-17
43,29,127,18.3,20.1,31.5,Loamy,Cotton,DAP
27,116,104,26.7,92.0,52.8,Loamy,Millets,Urea
37,61,95,31.0,33.2,26.0,Clayey,Millets,Urea
46,110,113,25.3,31.8,56.5,Black,Tobacco,10-26-26
10,26,116,31.1,62.4,54.5,Sandy,Pulses,Urea
34,76,147,38.0,25.2,25.5,Black,Pulses,14-35-14
57,63,75,34.0,95.8,14.0,Red,Wheat,28-28
121,68,89,33.9,99.1,55.9,Clayey,Sugarcane,20-20
3,82,110,26.3,40.4,51.5,Sandy,Oil seeds,14-35-14
124,30,91,38.2,21.0,53.1,Clayey,Oil seeds,DAP
91,77,141,35.0,23.7,17.2,Red,Sugarcane,20-20
78,29,101,24.6,59.6,52.3,Loamy,Oil seeds,DAP
98,23,76,35.0,59.4,57.2,Loamy,Ground Nuts,DAP
45,92,179,36.8,21.0,32.6,Red,Ground Nuts,14-35-14
97,72,80,18.4,75.8,51.2,Sandy,Wheat,28-28
86,145,36,41.8,78.7,41.7,Sandy,Barley,28-28
26,121,58,19.0,40.5,29.0,Loamy,Barley,28-28
62,86,203,29.7,100.0,48.8,Loamy,Tobacco,17-17-17
115,40,80,18.7,56.4,23.5,Black,Millets,Urea
31,127,15,25.4,83.4,49.9,Sandy,Wheat,28-28
16,109,132,23.5,15.9,18.1,Clayey,Oil seeds,14-35-14
3,51,146,34.2,46.8,10.4,Sandy,Oil seeds,14-35-14
86,45,92,43.0,52.9,22.4,Red,Wheat,DAP
37,104,147,23.8,42.1,29.8,Clayey,Sugarcane,10-26-26
134,86,87,22.8,24.5,31.3,Red,Sugarcane,20-20
114,86,73,37.0,17.4,49.9,Red,Maize,28-28
124,37,12,17.9,34.8,28.8,Red,Ground Nuts,14-35-14
28,145,91,43.9,41.8,44.4,Red,Oil seeds,14-35-14
98,11,51,43.4,78.3,37.3,Sandy,Wheat,DAP
139,99,136,25.6,27.0,49.8,Sandy,Millets,Urea
32,14,26,28.2,45.0,42.4,Clayey,Millets,Urea
1,117,20,34.9,97.2,45.3,Red,Millets,Urea
60,107,11,21.2,33.6,10.5,Sandy,Millets,20-20
127,99,200,22.7,84.2,20.5,Clayey,Wheat,28-28
58,55,12,37.2,27.7,40.8,Red,Pulses,14-35-14
52,100,119,19.7,91.9,44.8,Black,Paddy,17-17-17
120,22,46,18.8,36.3,15.2,Black,Ground Nuts,DAP
72,136,17,29.2,62.6,45.3,Loamy,Millets,Urea
39,87,55,34.3,96.4,55.0,Clayey,Pulses,14-35-14
114,74,190,27.7,83.5,29.0,Sandy,Ground Nuts,14-35-14
46,2,157,37.1,28.1,27.2,Clayey,Cotton,DAP
44,13,120,17.5,46.6,18.8,Red,Maize,DAP
116,123,53,36.4,52.4,24.2,Black,Barley,28-28
15,134,42,38.9,82.8,29.1,Sandy,Wheat,28-28
55,83,173,16.7,98.8,50.0,Sandy,Cotton,14-35-14
22,140,205,15.9,88.4,29.8,Red,Millets,Urea
101,28,36,25.7,62.4,59.8,Loamy,Tobacco,DAP
105,55,121,17.9,63.2,57.7,Loamy,Tobacco,17-17-17
59,137,83,30.4,69.5,12.9,Clayey,Pulses,14-35-14
41,73,40,30.6,16.9,25.6,Loamy,Barley,28-28
33,95,129,39.5,47.3,40.2,Loamy,Wheat,28-28
115,93,81,32.0,91.6,55.1,Sandy,Tobacco,14-35-14
60,37,117,43.0,25.8,12.0,Red,Barley,DAP
82,41,98,27.1,16.2,33.8,Clayey,Millets,Urea
106,122,68,22.7,40.1,40.0,Clayey,Maize,28-28
96,141,69,42.8,36.0,28.4,Loamy,Millets,20-20
35,107,30,43.6,45.5,18.6,Black,Wheat,28-28
85,8,10,44.8,92.2,34.6,Black,Ground Nuts,DAP
96,29,114,34.3,62.6,25.5,Clayey,Sugarcane,DAP
104,18,65,39.1,21.7,53.0,Black,Sugarcane,DAP
92,140,142,35.3,41.4,15.7,Red,Paddy,10-26-26
98,112,106,28.6,25.1,54.0,Black,Oil seeds,14-35-14
24,144,139,21.5,26.4,26.2,Red,Oil seeds,14-35-14
62,19,4,24.3,78.1,12.4,Clayey,Barley,DAP
6,102,111,19.2,32.8,42.2,Sandy,Tobacco,Urea
114,85,102,22.1,46.9,24.3,Loamy,Maize,10-26-26
135,29,63,21.6,90.8,16.1,Sandy,Barley,DAP
94,74,4,18.1,64.1,44.2,Clayey,Ground Nuts,14-35-14
132,39,18,30.6,68.7,44.5,Clayey,Cotton,DAP
92,30,57,23.3,89.2,17.1,Black,Millets,DAP
6,33,183,24.9,57.6,27.7,Clayey,Sugarcane,Urea
38,118,146,33.4,81.1,13.7,Black,Barley,28-28
70,69,160,34.3,57.5,57.9,Black,Ground Nuts,14-35-14
48,122,123,39.5,21.7,24.5,Black,Sugarcane,28-28
102,33,171,34.3,91.6,15.7,Clayey,Sugarcane,DAP
50,26,62,16.7,16.4,17.6,Clayey,Ground Nuts,DAP
128,94,90,18.5,95.7,55.4,Red,Paddy,Urea
110,49,202,17.8,21.4,58.8,Black,Millets,20-20
84,84,49,18.2,24.9,33.2,Loamy,Paddy,20-20
65,69,107,26.5,30.6,17.3,Clayey,Barley,28-28
96,13,42,27.1,22.3,39.2,Sandy,Wheat,DAP
51,127,6,42.1,16.5,17.0,Black,Pulses,14-35-14
6,82,94,42.1,94.8,18.2,Red,Millets,20-20
113,2,166,17.8,89.9,43.5,Red,Sugarcane,DAP
133,7,27,24.3,60.5,22.7,Sandy,Pulses,DAP
6,39,73,43.3,74.7,23.1,Loamy,Cotton,Urea
115,65,115,40.0,38.4,51.1,Black,Oil seeds,14-35-14
122,36,2,36.1,98.1,32.3,Red,Millets,Urea
39,130,202,44.8,79.4,28.7,Loamy,Sugarcane,10-26-26
110,120,60,35.2,45.4,35.0,Clayey,Pulses,14-35-14
66,12,58,36.6,67.9,44.3,Black,Ground Nuts,DAP
50,45,42,44.8,72.4,32.2,Loamy,Cotton,10-26-26
59,26,122,21.2,49.8,25.6,Black,Pulses,DAP
62,3,15,21.3,99.4,38.5,Red,Wheat,DAP
44,130,16,18.7,82.6,34.8,Clayey,Maize,28-28
20,67,31,43.9,14.7,25.3,Black,Millets,Urea
64,113,187,21.4,23.7,47.5,Black,Paddy,17-17-17
93,21,37,23.1,93.1,21.6,Red,Oil seeds,DAP
126,18,41,39.5,65.9,28.0,Clayey,Millets,DAP
98,49,151,35.8,31.7,32.5,Clayey,Barley,DAP
51,35,106,41.4,17.0,51.4,Loamy,Millets,Urea
123,29,184,35.2,63.8,53.1,Red,Paddy,DAP
105,76,93,21.2,88.5,34.9,Clayey,Maize,28-28
41,68,23,40.4,57.5,41.0,Clayey,Cotton,10-26-26
131,29,52,29.9,59.3,44.8,Clayey,Paddy,DAP
107,83,91,38.6,73.8,44.0,Sandy,Barley,28-28
70,72,169,35.4,98.9,10.1,Sandy,Cotton,14-35-14
2,118,149,24.3,79.8,57.2,Black,Pulses,14-35-14
112,23,26,35.3,93.9,17.1,Red,Pulses,DAP
80,126,97,31.8,87.3,36.6,Red,Maize,28-28
63,145,12,39.9,35.8,21.5,Red,Barley,28-28
137,24,73,19.2,55.9,34.0,Sandy,Oil seeds,DAP
92,44,52,42.0,24.7,22.2,Black,Pulses,14-35-14
52,21,187,21.9,55.8,58.9,Sandy,Wheat,DAP
121,85,45,17.6,95.0,60.0,Clayey,Oil seeds,14-35-14
71,19,203,28.7,71.1,24.8,Black,Barley,DAP
14,0,94,39.4,50.7,25.6,Sandy,Wheat,Urea
17,104,205,41.1,17.3,17.3,Red,Wheat,28-28
74,50,196,16.0,86.4,24.6,Clayey,Paddy,10-26-26
68,139,45,36.2,86.0,58.1,Black,Millets,Urea
51,21,165,17.2,57.1,16.2,Sandy,Barley,DAP
104,130,145,27.7,61.1,59.6,Loamy,Barley,28-28
11,37,84,44.0,36.0,56.8,Red,Pulses,Urea
47,70,155,41.1,48.7,50.7,Black,Sugarcane,14-35-14
46,88,59,37.4,64.2,18.8,Black,Cotton,17-17-17
67,78,154,40.6,77.8,51.8,Red,Maize,10-26-26
6,12,181,35.1,45.8,30.6,Loamy,Paddy,Urea
125,26,161,42.4,64.3,29.1,Clayey,Tobacco,DAP
32,68,154,43.1,81.6,49.8,Clayey,Maize,10-26-26
15,17,16,43.8,78.2,24.8,Black,Tobacco,Urea
26,36,21,40.3,44.6,30.9,Sandy,Oil seeds,Urea
35,97,152,36.0,78.9,47.9,Black,Ground Nuts,14-35-14
51,94,152,38.4,15.3,43.0,Black,Barley,28-28
22,97,157,40.2,26.5,37.7,Loamy,Tobacco,17-17-17
79,132,52,19.7,68.0,39.6,Sandy,Millets,Urea
92,61,81,21.6,79.1,58.2,Sandy,Sugarcane,20-20
56,29,2,30.8,21.7,33.2,Black,Oil seeds,DAP
37,141,157,24.2,25.6,22.5,Red,Pulses,14-35-14
17,63,95,40.8,26.0,58.2,Sandy,Tobacco,10-26-26
29,101,116,39.2,74.6,32.4,Sandy,Tobacco,17-17-17
86,122,200,31.2,45.6,17.3,Clayey,Maize,10-26-26
48,129,126,27.1,36.3,56.3,Red,Tobacco,DAP
32,27,94,35.8,94.4,29.1,Clayey,Ground Nuts,14-35-14
101,103,47,18.2,18.7,50.2,Clayey,Oil seeds,14-35-14
110,23,195,27.8,69.5,24.2,Loamy,Maize,DAP
132,34,197,33.4,48.2,43.9,Sandy,Ground Nuts,DAP
37,8,177,40.3,62.4,54.5,Loamy,Cotton,DAP
59,134,187,19.9,69.4,50.7,Loamy,Ground Nuts,14-35-14
26,84,107,22.1,19.0,40.9,Red,Barley,28-28
64,2,199,16.7,41.7,13.1,Black,Tobacco,DAP
92,26,62,35.8,77.0,46.3,Red,Ground Nuts,DAP
134,70,85,31.1,97.7,30.0,Clayey,Barley,28-28
94,120,5,16.8,99.8,36.1,Black,Maize,28-28
105,91,204,42.7,17.5,17.6,Black,Cotton,10-26-26
114,120,131,20.6,30.3,44.7,Clayey,Paddy,20-20
25,126,51,31.9,77.9,41.7,Black,Barley,28-28
138,110,166,39.5,98.6,57.4,Sandy,Barley,28-28
138,121,104,26.4,50.4,24.7,Black,Pulses,14-35-14
48,139,185,22.5,34.6,35.7,Clayey,Tobacco,10-26-26
107,95,25,25.5,62.6,13.8,Loamy,Pulses,14-35-14
128,6,123,38.9,42.2,27.9,Red,Paddy,DAP
110,105,25,34.2,80.2,18.6,Loamy,Millets,Urea
69,7,174,34.4,19.1,50.9,Sandy,Sugarcane,DAP
25,113,117,43.7,87.6,10.5,Black,Oil seeds,14-35-14
23,29,53,33.3,17.3,48.6,Loamy,Cotton,Urea
88,78,178,16.3,35.7,13.4,Black,Wheat,28-28
125,12,173,42.9,54.8,41.5,Black,Cotton,DAP
39,22,186,35.3,46.4,39.1,Loamy,Millets,DAP
69,46,113,43.8,82.0,17.3,Red,Tobacco,14-35-14
112,97,28,16.9,95.8,52.6,Red,Wheat,28-28
33,133,95,26.7,71.2,47.9,Clayey,Maize,28-28
55,84,94,25.2,28.2,15.1,Red,Ground Nuts,14-35-14
71,36,132,22.3,40.6,29.5,Sandy,Oil seeds,14-35-14
132,120,173,42.6,75.3,24.5,Black,Wheat,28-28
73,17,75,33.1,98.7,24.6,Red,Tobacco,DAP
125,28,107,24.3,71.9,52.2,Clayey,Tobacco,DAP
73,36,26,23.5,88.0,31.1,Sandy,Wheat,DAP
124,104,140,23.8,18.6,36.0,Loamy,Paddy,DAP
116,117,61,33.0,87.6,30.4,Clayey,Pulses,14-35-14
76,80,125,17.8,67.0,43.9,Red,Tobacco,20-20
19,54,59,43.4,28.6,16.0,Sandy,Tobacco,17-17-17
23,3,90,37.7,47.7,26.5,Red,Millets,Urea
70,99,106,20.4,50.5,47.7,Sandy,Barley,28-28
116,47,4,37.1,46.8,14.3,Loamy,Oil seeds,14-35-14
106,116,50,27.9,29.2,58.2,Red,Maize,28-28
11,40,104,31.2,42.1,37.0,Black,Pulses,14-35-14
123,94,154,29.2,52.1,34.9,Sandy,Ground Nuts,14-35-14
56,15,44,36.7,65.4,42.2,Black,Sugarcane,DAP
102,126,43,16.0,48.0,15.3,Sandy,Cotton,14-35-14
14,57,1,23.2,36.1,22.6,Sandy,Sugarcane,17-17-17
140,103,104,38.8,52.6,57.7,Black,Wheat,28-28
112,21,77,43.0,33.5,47.3,Black,Ground Nuts,DAP
104,44,43,17.8,42.5,45.5,Clayey,Cotton,14-35-14
138,26,170,20.8,24.3,57.3,Loamy,Paddy,DAP
101,90,4,17.6,43.1,17.5,Clayey,Oil seeds,14-35-14
113,3,183,30.6,47.7,32.6,Sandy,Paddy,DAP
135,127,66,23.7,37.3,27.4,Red,Oil seeds,14-35-14
1,0,54,23.4,78.6,17.3,Red,Tobacco,Urea
139,49,20,18.1,35.0,39.8,Loamy,Tobacco,17-17-17
103,81,29,36.0,59.1,29.1,Clayey,Cotton,20-20
52,75,54,29.8,31.2,46.3,Black,Sugarcane,10-26-26
118,7,64,30.1,85.9,14.2,Clayey,Sugarcane,DAP
78,65,172,27.0,86.2,29.0,Sandy,Tobacco,DAP
128,12,69,34.0,42.2,23.8,Loamy,Sugarcane,DAP
2,109,197,25.2,74.9,37.3,Red,Barley,28-28
9,18,22,30.1,93.4,24.5,Loamy,Cotton,Urea
124,17,81,38.7,63.5,53.1,Sandy,Maize,DAP
60,132,104,38.1,85.5,16.7,Black,Tobacco,10-26-26
19,106,72,20.5,53.9,41.9,Black,Pulses,14-35-14
132,136,10,22.9,51.0,52.2,Sandy,Oil seeds,14-35-14
15,55,100,30.0,74.2,11.6,Black,Ground Nuts,14-35-14
21,29,187,20.4,92.6,26.2,Black,Millets,Urea
33,121,123,19.7,37.2,15.0,Clayey,Pulses,14-35-14
113,61,51,42.0,23.1,54.7,Black,Sugarcane,20-20
102,118,31,26.0,75.6,21.1,Black,Ground Nuts,14-35-14
91,53,147,28.8,96.9,46.9,Black,Cotton,17-17-17
11,83,131,17.3,22.5,19.8,Clayey,Pulses,14-35-14
127,72,151,36.4,18.6,48.0,Black,Ground Nuts,14-35-14
95,9,117,21.0,89.3,45.2,Red,Tobacco,DAP
114,110,81,42.8,41.4,18.8,Clayey,Wheat,28-28
16,88,148,38.5,57.2,42.5,Sandy,Ground Nuts,14-35-14
111,28,16,23.3,76.8,43.6,Clayey,Pulses,DAP
130,130,165,41.4,50.6,30.7,Sandy,Pulses,14-35-14
14,92,132,44.7,27.2,40.0,Red,Millets,Urea
35,97,48,16.3,50.8,43.0,Black,Paddy,17-17-17
14,6,140,20.7,90.3,17.3,Black,Sugarcane,Urea
16,64,140,17.9,62.9,24.0,Black,Pulses,14-35-14
5,22,169,27.0,99.4,12.6,Red,Millets,Urea
26,22,86,20.1,58.3,14.2,Black,Maize,Urea
43,13,43,26.0,93.0,38.9,Loamy,Sugarcane,DAP
77,126,76,35.1,67.0,56.9,Red,Pulses,14-35-14
22,30,157,40.2,67.1,21.2,Clayey,Cotton,Urea
73,21,7,33.3,29.9,33.5,Sandy,Cotton,DAP
87,45,63,29.0,60.7,50.4,Red,Millets,Urea
2,29,17,34.8,15.2,33.4,Clayey,Pulses,Urea
71,56,100,28.5,98.6,24.6,Red,Cotton,14-35-14
103,70,97,25.5,34.8,43.6,Clayey,Pulses,14-35-14
94,125,166,26.3,62.8,32.5,Black,Millets,20-20
52,145,116,26.0,62.5,42.8,Clayey,Barley,28-28
100,86,96,34.6,27.6,39.0,Black,Oil seeds,14-35-14
12,86,2,30.7,75.8,12.0,Black,Barley,28-28
72,111,195,19.2,44.8,33.6,Red,Paddy,10-26-26
75,39,59,34.3,41.2,24.5,Red,Wheat,DAP
1,105,8,38.4,85.4,59.7,Clayey,Tobacco,28-28
108,47,125,24.4,65.2,48.1,Loamy,Ground Nuts,14-35-14
70,131,100,23.8,73.8,32.1,Black,Pulses,14-35-14
46,105,102,30.3,92.7,12.5,Loamy,Pulses,14-35-14
114,118,164,40.6,48.2,38.1,Red,Barley,28-28
30,32,42,26.8,27.9,31.7,Red,Oil seeds,14-35-14
60,73,31,41.7,90.1,15.9,Black,Millets,Urea
88,22,39,25.6,75.9,51.0,Sandy,Wheat,DAP
82,116,4,34.9,79.8,39.6,Sandy,Pulses,14-35-14
100,104,198,33.5,83.2,17.0,Loamy,Oil seeds,14-35-14
12,144,185,16.5,65.3,42.2,Clayey,Wheat,28-28
68,67,54,19.9,50.6,11.8,Red,Paddy,DAP
5,81,122,24.1,99.7,43.5,Red,Sugarcane,20-20
93,64,86,17.4,80.9,27.5,Loamy,Millets,Urea
65,67,33,24.9,64.3,26.9,Black,Maize,28-28
26,18,27,20.1,54.5,54.6,Red,Tobacco,Urea
114,114,40,24.8,84.1,30.1,Clayey,Wheat,28-28
54,11,196,17.0,43.0,35.8,Black,Sugarcane,DAP
98,56,50,20.2,78.8,39.5,Black,Maize,28-28
28,55,81,19.0,82.6,21.4,Sandy,Tobacco,10-26-26
43,30,196,15.0,73.9,38.1,Sandy,Cotton,DAP
41,109,40,36.0,52.9,21.9,Clayey,Tobacco,Urea
99,89,161,33.8,63.9,27.0,Black,Oil seeds,14-35-14
48,3,17,16.7,84.8,59.0,Clayey,Cotton,DAP
68,124,168,36.2,65.8,29.3,Clayey,Sugarcane,20-20
119,24,177,38.8,77.8,43.0,Clayey,Oil seeds,DAP
82,132,81,22.1,41.5,41.2,Loamy,Tobacco,17-17-17
63,34,11,18.0,88.4,11.3,Sandy,Paddy,DAP
37,28,11,25.2,79.1,13.3,Black,Cotton,DAP
100,3,56,29.6,66.2,56.3,Clayey,Pulses,DAP
47,24,65,19.6,88.2,31.0,Clayey,Millets,DAP
126,90,151,15.8,97.5,50.7,Clayey,Ground Nuts,14-35-14
33,79,195,18.5,30.7,27.2,Loamy,Millets,Urea
87,16,90,44.0,38.8,20.7,Sandy,Maize,DAP
55,56,172,24.8,41.1,11.8,Loamy,Paddy,Urea
70,91,134,37.5,19.5,19.3,Black,Barley,28-28
29,64,159,28.9,75.3,28.5,Clayey,Cotton,28-28
66,30,65,31.8,83.1,32.2,Black,Wheat,DAP
114,44,48,33.5,25.3,22.7,Sandy,Oil seeds,14-35-14
87,83,105,17.3,81.2,56.2,Clayey,Tobacco,17-17-17
85,136,95,43.3,84.9,49.1,Red,Wheat,28-28
33,45,31,40.6,32.8,12.9,Black,Ground Nuts,14-35-14
19,71,161,30.0,83.8,42.7,Loamy,Oil seeds,14-35-14
54,2,52,27.1,87.9,55.5,Black,Millets,DAP
50,17,125,22.0,55.1,38.3,Red,Maize,DAP
79,87,12,33.7,85.1,35.2,Loamy,Barley,28-28
93,56,52,22.0,38.6,39.6,Sandy,Oil seeds,14-35-14
77,63,144,34.0,96.3,42.6,Loamy,Maize,10-26-26
115,80,159,32.4,48.0,49.9,Red,Oil seeds,14-35-14
13,121,47,26.8,71.2,25.3,Clayey,Ground Nuts,14-35-14
107,74,27,38.2,59.0,32.1,Black,Cotton,20-20
102,86,104,43.5,38.5,14.1,Clayey,Barley,28-28
77,124,176,38.3,41.9,16.7,Clayey,Maize,10-26-26
69,38,185,42.4,64.9,20.9,Sandy,Cotton,14-35-14
29,34,111,28.1,74.1,30.4,Black,Barley,Urea
118,2,89,15.3,66.7,56.0,Loamy,Pulses,DAP
52,43,45,17.1,15.9,33.2,Loamy,Oil seeds,14-35-14
63,125,111,25.0,58.4,58.3,Clayey,Ground Nuts,14-35-14
89,11,136,19.1,17.7,10.7,Clayey,Pulses,DAP
38,30,141,44.9,19.3,31.6,Loamy,Ground Nuts,DAP
1,35,54,43.2,48.0,34.8,Black,Maize,Urea
103,61,152,43.9,25.3,40.2,Clayey,Millets,20-20
102,0,201,35.7,20.9,21.8,Sandy,Oil seeds,DAP
74,72,157,16.2,64.5,27.3,Clayey,Barley,28-28
136,14,146,20.1,65.0,48.9,Sandy,Cotton,DAP
57,77,22,35.5,99.1,10.7,Loamy,Wheat,28-28
93,66,141,41.9,81.3,33.1,Red,Paddy,14-35-14
8,111,72,40.9,14.4,13.3,Sandy,Pulses,14-35-14
101,40,178,31.6,84.9,59.3,Sandy,Pulses,14-35-14
132,10,46,28.9,41.7,56.6,Black,Ground Nuts,DAP
22,35,190,34.6,71.2,33.0,Clayey,Sugarcane,Urea
15,42,204,15.7,24.0,56.0,Loamy,Paddy,14-35-14
42,65,131,19.3,90.1,26.9,Red,Sugarcane,28-28
3,123,19,27.5,34.5,57.7,Black,Pulses,14-35-14
47,28,35,34.4,17.9,53.0,Red,Barley,DAP
133,143,40,26.0,40.7,25.3,Clayey,Oil seeds,14-35-14
9,34,30,25.7,50.5,29.5,Black,Paddy,Urea
64,69,45,32.5,88.0,41.2,Clayey,Tobacco,10-26-26
109,124,90,37.1,42.1,35.3,Loamy,Cotton,20-20
26,54,142,17.2,47.3,52.2,Red,Barley,28-28
103,136,151,22.1,93.3,12.7,Clayey,Oil seeds,14-35-14
96,67,144,23.5,30.0,37.7,Loamy,Paddy,20-20
10,28,19,27.5,88.4,42.3,Loamy,Sugarcane,Urea
11,24,12,26.4,86.0,47.1,Black,Barley,Urea
89,44,199,23.3,72.4,45.3,Black,Tobacco,DAP
123,36,148,31.2,41.6,36.4,Black,Tobacco,DAP
21,124,172,26.2,17.7,49.7,Loamy,Maize,10-26-26
67,144,197,16.8,42.8,52.3,Black,Sugarcane,20-20
73,84,119,44.4,73.8,40.1,Sandy,Oil seeds,14-35-14
65,52,8,44.6,93.7,57.2,Loamy,Pulses,14-35-14
68,51,72,38.7,57.4,35.6,Clayey,Millets,Urea
110,5,185,38.1,73.9,51.0,Black,Wheat,DAP
129,94,60,26.0,86.5,58.9,Clayey,Maize,28-28
4,136,184,37.6,83.7,15.6,Loamy,Oil seeds,14-35-14
117,4,160,23.8,35.1,17.8,Red,Ground Nuts,DAP
38,124,26,34.4,61.9,29.1,Red,Paddy,10-26-26
86,67,10,16.2,51.5,40.1,Loamy,Pulses,14-35-14
36,120,29,31.1,84.5,28.9,Black,Oil seeds,14-35-14
54,64,159,32.0,62.7,20.9,Black,Cotton,14-35-14
118,29,17,21.5,69.5,16.7,Sandy,Paddy,DAP
113,21,19,28.1,16.4,18.3,Red,Sugarcane,DAP
19,82,63,43.1,44.1,29.0,Sandy,Paddy,17-17-17
79,57,56,31.3,55.7,56.1,Sandy,Ground Nuts,14-35-14
36,5,204,22.1,80.2,11.0,Red,Pulses,DAP
136,17,14,30.1,69.0,42.0,Loamy,Oil seeds,DAP
52,129,20,43.5,86.4,23.8,Red,Wheat,28-28
71,60,20,31.0,15.9,41.0,Loamy,Sugarcane,20-20
112,119,39,17.0,27.7,58.2,Sandy,Maize,28-28
137,35,138,35.7,68.1,36.2,Red,Oil seeds,14-35-14
133,111,51,20.1,34.4,57.9,Sandy,Oil seeds,14-35-14
7,98,50,29.4,77.9,34.1,Red,Ground Nuts,14-35-14
30,139,175,38.7,73.7,35.8,Red,Ground Nuts,14-35-14
76,11,58,21.4,30.1,27.9,Clayey,Tobacco,DAP
79,16,42,32.1,41.4,30.9,Loamy,Sugarcane,DAP
131,43,64,19.3,25.0,58.0,Clayey,Millets,Urea
81,23,38,26.3,70.6,21.2,Black,Pulses,DAP
67,36,82,26.6,18.5,33.9,Sandy,Tobacco,28-28
122,117,46,36.3,19.0,13.0,Black,Oil seeds,14-35-14
51,42,66,23.6,74.6,28.7,Sandy,Maize,28-28
78,84,20,20.9,21.3,30.3,Black,Cotton,Urea
122,86,201,24.3,72.9,27.2,Black,Barley,28-28
97,71,162,26.4,42.9,24.5,Clayey,Millets,Urea
84,8,49,42.0,44.1,11.5,Clayey,Sugarcane,DAP
14,108,31,39.6,64.6,26.1,Black,Sugarcane,28-28
40,25,47,34.9,52.5,58.6,Sandy,Wheat,DAP
108,2,61,36.0,61.1,11.5,Loamy,Oil seeds,DAP
135,122,101,32.6,25.9,52.6,Sandy,Wheat,28-28
39,26,73,32.7,84.0,30.4,Black,Pulses,DAP
28,26,194,25.7,60.9,26.7,Loamy,Sugarcane,Urea
130,41,12,42.7,74.2,11.5,Loamy,Sugarcane,20-20
137,24,189,32.1,89.7,51.2,Loamy,Oil seeds,DAP
12,134,161,25.8,76.3,34.8,Loamy,Pulses,14-35-14
82,40,163,22.4,32.0,10.2,Red,Wheat,DAP
78,42,179,44.0,65.9,50.7,Clayey,Maize,10-26-26
77,6,159,33.7,58.3,31.7,Red,Millets,DAP
24,52,156,32.7,87.9,54.8,Sandy,Maize,10-26-26
2,34,182,28.0,30.0,29.2,Red,Maize,Urea
95,17,125,20.9,22.4,44.5,Red,Ground Nuts,DAP
17,71,154,40.0,74.3,14.4,Clayey,Ground Nuts,14-35-14
79,105,10,26.6,57.8,57.3,Clayey,Wheat,28-28
32,23,196,15.6,54.7,48.4,Loamy,Barley,DAP
4,12,82,36.9,38.8,12.8,Sandy,Paddy,Urea
68,142,71,42.5,93.6,46.4,Loamy,Paddy,17-17-17
126,127,69,28.8,92.0,53.6,Black,Maize,28-28
85,5,173,26.4,27.5,30.8,Black,Ground Nuts,DAP
46,30,101,19.5,75.0,45.6,Red,Sugarcane,DAP
88,36,168,44.0,90.4,49.7,Clayey,Millets,Urea
90,55,77,39.6,83.1,40.7,Clayey,Paddy,20-20
32,92,111,19.4,27.4,19.7,Sandy,Paddy,10-26-26
8,20,128,45.0,58.2,18.4,Red,Barley,Urea
87,127,82,27.3,77.6,55.0,Red,Sugarcane,20-20
74,100,140,17.8,57.0,45.4,Clayey,Maize,10-26-26
138,38,25,26.4,84.4,59.7,Loamy,Millets,20-20
21,121,2,41.8,27.1,19.6,Loamy,Cotton,28-28
111,86,17,37.1,63.0,43.5,Red,Tobacco,20-20
140,31,82,38.8,79.6,47.0,Red,Barley,DAP
13,135,34,20.6,58.8,52.9,Sandy,Barley,28-28
65,80,76,20.9,71.5,53.0,Clayey,Maize,28-28
85,100,177,43.9,70.8,56.1,Red,Tobacco,10-26-26
137,129,81,29.7,42.4,46.0,Sandy,Paddy,20-20
31,53,95,21.2,68.4,31.3,Sandy,Oil seeds,14-35-14
45,32,195,29.6,60.2,34.2,Sandy,Maize,DAP
101,139,66,25.0,88.0,57.3,Loamy,Tobacco,17-17-17
109,79,141,43.6,71.7,25.5,Sandy,Ground Nuts,14-35-14
48,8,166,21.7,64.9,44.9,Loamy,Paddy,DAP
21,4,129,32.9,86.8,21.6,Loamy,Paddy,Urea
86,45,82,22.9,70.3,45.0,Red,Cotton,14-35-14
25,87,50,26.4,32.7,47.2,Sandy,Paddy,10-26-26
30,110,60,23.6,53.1,47.4,Clayey,Barley,28-28
75,61,153,25.8,55.3,55.2,Red,Tobacco,20-20
21,129,6,45.0,80.6,34.2,Clayey,Tobacco,Urea
72,70,196,34.0,66.2,34.0,Black,Barley,28-28
49,74,137,31.0,99.5,32.3,Sandy,Sugarcane,20-20
27,129,60,22.4,63.9,46.0,Clayey,Paddy,20-20
58,48,59,19.8,36.1,35.2,Red,Pulses,14-35-14
46,43,157,24.8,29.7,50.5,Loamy,Paddy,14-35-14
52,39,187,17.1,42.0,14.4,Red,Barley,DAP
35,42,106,21.3,81.5,15.5,Loamy,Pulses,14-35-14
101,89,161,18.4,91.8,32.3,Black,Tobacco,10-26-26
53,88,94,26.2,26.1,36.7,Loamy,Sugarcane,20-20
4,119,114,28.1,48.9,21.6,Sandy,Cotton,14-35-14
129,20,114,42.4,89.6,17.5,Black,Pulses,DAP
8,118,49,35.5,71.2,31.3,Clayey,Pulses,14-35-14
36,47,149,35.5,18.8,28.1,Loamy,Pulses,14-35-14
47,36,168,27.3,29.7,40.7,Black,Cotton,28-28
19,102,96,29.7,70.2,12.0,Sandy,Tobacco,14-35-14
57,130,7,37.4,36.1,57.7,Sandy,Millets,Urea
100,65,178,40.8,77.2,56.2,Sandy,Paddy,14-35-14
138,17,90,37.7,88.8,18.7,Sandy,Millets,DAP
120,121,183,19.3,95.6,59.3,Red,Tobacco,10-26-26
136,91,140,40.6,42.2,13.4,Loamy,Paddy,10-26-26
37,25,165,34.4,72.0,53.6,Loamy,Cotton,DAP
24,18,165,44.8,21.6,36.0,Loamy,Ground Nuts,Urea
26,111,89,22.7,45.6,57.3,Sandy,Pulses,14-35-14
10,67,120,22.8,84.2,23.3,Sandy,Pulses,14-35-14
120,124,147,34.3,89.7,50.1,Black,Barley,28-28
131,75,88,23.0,87.9,26.5,Loamy,Maize,28-28
13,118,1,19.9,22.8,12.2,Sandy,Maize,28-28
96,126,197,38.6,22.1,58.7,Red,Sugarcane,20-20
120,66,115,17.2,46.2,26.8,Loamy,Wheat,28-28
76,101,11,17.9,85.0,52.0,Red,Barley,28-28
101,42,59,23.1,57.9,26.8,Loamy,Oil seeds,14-35-14
22,27,115,29.5,93.1,35.0,Black,Ground Nuts,Urea
92,123,188,17.8,64.4,49.5,Clayey,Millets,20-20
4,81,118,33.6,58.2,15.7,Red,Pulses,14-35-14
24,6,193,25.6,56.3,14.6,Clayey,Oil seeds,Urea
13,142,84,39.7,41.7,39.8,Loamy,Barley,28-28
81,43,179,34.2,68.1,45.4,Red,Barley,DAP
71,132,77,22.0,85.6,54.5,Sandy,Sugarcane,20-20
58,108,39,21.8,96.4,14.4,Loamy,Ground Nuts,14-35-14
37,71,55,30.5,35.4,40.3,Red,Wheat,28-28
106,61,22,31.2,27.7,39.5,Sandy,Tobacco,20-20
64,107,79,33.5,46.4,38.3,Black,Maize,28-28
53,76,41,33.3,50.4,56.0,Loamy,Oil seeds,14-35-14
22,14,184,43.3,70.2,36.6,Sandy,Oil seeds,Urea
3,130,18,30.3,38.3,24.2,Red,Wheat,28-28
101,75,156,16.0,64.4,49.1,Red,Cotton,14-35-14
21,67,202,23.2,33.1,26.6,Loamy,Wheat,28-28
74,16,50,44.4,99.2,27.8,Sandy,Millets,DAP
51,53,57,36.7,16.7,14.9,Clayey,Cotton,17-17-17
30,101,131,44.3,96.1,49.7,Loamy,Wheat,28-28
25,59,127,23.8,40.0,31.2,Black,Cotton,DAP
62,119,185,40.0,23.6,58.7,Sandy,Pulses,14-35-14
139,47,203,17.9,50.1,36.2,Sandy,Sugarcane,20-20
67,93,148,20.9,20.2,12.3,Loamy,Sugarcane,20-20
132,49,189,31.3,44.3,52.5,Clayey,Millets,20-20
44,73,204,35.1,69.2,57.5,Loamy,Tobacco,17-17-17
131,99,15,32.8,64.6,39.0,Red,Tobacco,28-28
75,41,94,32.8,71.7,22.7,Clayey,Wheat,DAP
18,96,44,29.1,51.4,26.8,Clayey,Cotton,17-17-17
112,70,13,21.4,44.0,18.7,Red,Maize,28-28
37,27,32,28.7,29.1,33.2,Sandy,Oil seeds,DAP
131,118,9,18.9,16.7,23.7,Clayey,Paddy,10-26-26
135,26,163,29.0,62.9,32.6,Loamy,Tobacco,DAP
115,128,147,18.4,47.7,47.0,Red,Pulses,14-35-14
93,63,20,18.1,59.0,43.8,Red,Barley,28-28
99,80,26,19.3,37.8,57.3,Loamy,Cotton,DAP
45,126,70,22.9,63.1,36.7,Black,Barley,28-28
61,62,55,30.0,39.1,35.8,Sandy,Pulses,14-35-14
104,73,134,44.8,92.1,44.4,Red,Cotton,14-35-14
65,66,99,24.4,98.2,47.9,Clayey,Maize,28-28
102,107,11,29.5,45.6,23.6,Red,Barley,28-28
65,77,54,34.1,44.7,12.6,Red,Wheat,28-28
132,4,190,20.3,26.7,38.7,Sandy,Paddy,DAP
99,52,75,16.9,65.1,43.5,Black,Sugarcane,20-20
124,28,2,44.5,85.8,30.7,Black,Pulses,DAP
5,48,142,33.7,55.7,18.8,Black,Wheat,DAP
123,67,134,26.2,17.5,21.6,Black,Ground Nuts,14-35-14
40,49,66,29.0,69.7,33.3,Clayey,Wheat,DAP
21,16,111,24.9,85.4,34.4,Loamy,Millets,Urea
120,132,129,38.6,31.3,41.9,Black,Tobacco,28-28
4,60,55,32.0,50.5,33.1,Loamy,Oil seeds,14-35-14
63,138,61,41.9,34.3,13.8,Red,Barley,28-28
9,143,11,38.9,59.7,34.0,Loamy,Ground Nuts,14-35-14
71,49,204,28.6,79.4,45.3,Black,Ground Nuts,14-35-14
73,128,84,42.8,70.3,42.9,Sandy,Cotton,14-35-14
72,79,167,39.8,70.6,25.0,Clayey,Tobacco,Urea
97,87,202,37.9,20.8,39.5,Black,Millets,Urea
67,12,188,39.8,24.5,41.1,Black,Wheat,DAP
102,46,151,29.5,27.1,28.2,Black,Oil seeds,14-35-14
112,65,53,17.5,32.7,48.2,Loamy,Tobacco,17-17-17
29,62,23,43.7,29.0,36.9,Clayey,Ground Nuts,14-35-14
11,60,104,25.3,58.8,23.0,Sandy,Sugarcane,10-26-26
67,30,69,18.8,46.5,37.0,Sandy,Oil seeds,DAP
62,23,63,41.5,89.0,11.7,Loamy,Millets,DAP
92,64,118,21.2,60.8,18.9,Red,Pulses,14-35-14
19,83,152,21.6,76.7,27.8,Black,Wheat,28-28
65,120,8,44.2,17.7,14.7,Red,Oil seeds,14-35-14
28,97,173,35.6,82.9,23.3,Loamy,Sugarcane,10-26-26
31,65,58,37.7,81.1,10.7,Clayey,Oil seeds,14-35-14
58,29,10,17.4,64.6,10.9,Red,Ground Nuts,DAP
30,62,182,31.2,36.5,18.1,Black,Oil seeds,14-35-14
17,78,33,33.8,47.9,18.1,Loamy,Wheat,28-28
23,76,94,24.4,21.8,27.4,Loamy,Millets,Urea
5,84,113,38.7,42.6,19.0,Sandy,Paddy,20-20
18,130,130,44.5,20.2,32.3,Black,Millets,Urea
98,99,103,41.2,82.9,47.7,Sandy,Millets,20-20
27,80,81,31.7,90.5,39.7,Clayey,Paddy,Urea
117,119,62,25.4,88.9,16.5,Sandy,Wheat,28-28
82,5,192,37.4,91.8,29.8,Red,Oil seeds,DAP
1,31,149,44.2,20.9,33.0,Sandy,Cotton,Urea
140,60,63,26.3,40.2,32.5,Clayey,Tobacco,17-17-17
31,138,17,34.8,93.7,24.0,Clayey,Pulses,14-35-14
129,42,96,18.0,33.0,48.3,Black,Wheat,DAP
112,103,130,34.6,17.9,24.6,Red,Wheat,28-28
121,114,53,39.8,72.2,33.6,Loamy,Sugarcane,20-20
116,22,201,43.5,60.1,39.0,Clayey,Ground Nuts,DAP
105,128,38,26.9,45.4,24.2,Clayey,Maize,28-28
123,108,71,31.4,80.5,29.8,Red,Ground Nuts,14-35-14
5,65,68,31.6,51.4,45.7,Loamy,Sugarcane,17-17-17
30,118,125,35.8,52.2,36.2,Loamy,Millets,Urea
52,86,198,20.0,46.5,13.5,Sandy,Pulses,14-35-14
3,123,178,41.4,60.5,26.1,Black,Wheat,28-28
29,134,51,34.4,31.6,44.7,Loamy,Ground Nuts,14-35-14
102,52,104,41.0,71.9,18.5,Red,Sugarcane,20-20
90,139,150,16.0,44.9,52.4,Black,Sugarcane,20-20
73,143,106,16.9,66.8,32.4,Red,Paddy,20-20
8,5,144,30.0,44.4,56.7,Red,Millets,Urea
128,62,124,35.3,57.6,17.3,Loamy,Ground Nuts,14-35-14
53,101,88,34.6,43.4,19.3,Red,Tobacco,10-26-26
109,4,172,34.2,84.5,11.6,Black,Wheat,DAP
30,3,193,38.8,46.0,49.5,Loamy,Cotton,17-17-17
72,60,125,42.5,44.0,38.1,Clayey,Maize,10-26-26
1,7,50,37.9,68.4,50.8,Red,Barley,Urea
139,113,196,29.0,19.9,20.5,Sandy,Barley,28-28
75,109,91,27.4,15.7,21.7,Clayey,Pulses,14-35-14
5,131,90,22.5,83.9,16.4,Clayey,Pulses,14-35-14
6,87,85,34.0,18.5,58.6,Black,Oil seeds,14-35-14
85,0,119,25.9,16.4,58.7,Red,Ground Nuts,DAP
119,111,30,34.1,30.4,38.9,Loamy,Wheat,28-28
17,105,192,41.4,26.9,54.3,Loamy,Millets,20-20
37,79,152,26.8,52.8,47.0,Red,Pulses,14-35-14
139,7,121,39.4,46.1,33.3,Sandy,Oil seeds,DAP
129,28,56,34.6,50.7,58.7,Red,Maize,DAP
1,123,202,21.9,67.8,12.0,Clayey,Sugarcane,10-26-26
113,73,203,39.0,29.7,38.3,Loamy,Pulses,14-35-14
56,71,68,31.6,66.4,33.5,Sandy,Millets,Urea
86,104,76,31.9,86.5,48.0,Red,Pulses,14-35-14
120,14,74,29.2,92.4,47.0,Black,Pulses,DAP
89,5,132,25.0,26.2,24.1,Clayey,Ground Nuts,DAP
67,40,69,44.1,89.4,22.5,Sandy,Wheat,DAP
106,87,183,39.6,76.3,44.5,Red,Barley,28-28
62,8,198,37.8,50.6,13.7,Red,Oil seeds,DAP
69,71,64,23.8,16.8,47.2,Black,Cotton,DAP
78,19,41,24.6,56.2,13.8,Sandy,Tobacco,DAP
77,23,25,32.0,28.0,13.5,Clayey,Barley,DAP
54,2,75,40.1,49.9,23.0,Black,Oil seeds,DAP
87,39,147,44.7,31.5,58.0,Clayey,Maize,10-26-26
43,80,199,35.8,64.7,25.3,Sandy,Millets,Urea
16,89,205,16.5,53.9,51.8,Red,Pulses,14-35-14
75,19,190,26.1,62.3,57.4,Black,Ground Nuts,DAP
29,0,53,23.6,60.5,54.3,Loamy,Cotton,Urea
16,7,68,40.3,36.8,27.9,Loamy,Oil seeds,Urea
98,123,147,18.7,52.0,12.4,Black,Paddy,17-17-17
96,29,29,28.9,82.9,26.6,Clayey,Wheat,DAP
140,124,79,23.8,74.8,44.2,Clayey,Cotton,14-35-14
8,45,93,24.8,21.9,20.5,Sandy,Millets,Urea
112,137,195,41.7,99.5,30.8,Clayey,Sugarcane,20-20
84,105,143,27.8,53.1,24.8,Red,Millets,20-20
26,118,99,38.7,49.5,35.0,Loamy,Pulses,14-35-14
83,6,195,28.9,66.3,45.7,Sandy,Pulses,DAP
51,12,33,30.1,77.6,23.6,Clayey,Maize,DAP
4,85,72,37.3,28.2,44.4,Loamy,Tobacco,17-17-17
65,30,50,43.5,97.0,11.4,Loamy,Maize,DAP
40,128,53,43.1,37.6,41.9,Sandy,Barley,28-28
28,124,182,41.9,47.7,34.0,Clayey,Oil seeds,14-35-14
49,122,181,35.5,43.1,56.8,Clayey,Tobacco,10-26-26
109,109,54,33.3,84.3,27.9,Sandy,Tobacco,28-28
86,64,110,39.4,99.4,11.5,Red,Wheat,28-28
17,76,43,18.7,46.6,23.1,Black,Maize,28-28
49,122,16,22.2,68.6,52.7,Black,Oil seeds,14-35-14
114,3,149,30.0,92.5,46.5,Sandy,Maize,DAP
55,62,102,15.6,57.7,42.7,Loamy,Tobacco,17-17-17
122,115,185,35.0,98.8,17.7,Black,Sugarcane,20-20
129,110,19,26.6,38.6,45.3,Clayey,Cotton,28-28
60,59,116,43.2,98.3,52.0,Red,Barley,28-28
135,132,95,21.0,83.8,14.2,Clayey,Pulses,14-35-14
25,20,99,35.2,30.0,43.4,Red,Pulses,Urea
139,63,122,28.0,52.7,28.0,Black,Ground Nuts,14-35-14
2,100,31,15.6,19.2,39.9,Clayey,Ground Nuts,14-35-14
60,7,11,42.0,74.3,58.3,Black,Oil seeds,DAP
140,88,63,37.3,61.2,38.7,Black,Oil seeds,14-35-14
22,135,16,35.3,70.3,44.8,Loamy,Oil seeds,14-35-14
120,55,52,37.8,84.0,36.1,Black,Ground Nuts,14-35-14
98,28,51,31.0,58.3,24.3,Loamy,Sugarcane,DAP
79,143,196,17.1,78.0,38.1,Loamy,Oil seeds,14-35-14
43,31,22,20.0,42.0,49.6,Black,Paddy,DAP
9,110,36,31.1,89.2,12.5,Red,Paddy,10-26-26
7,31,48,44.3,32.5,56.8,Red,Pulses,Urea
95,62,193,28.6,20.1,54.6,Loamy,Cotton,DAP
38,138,35,43.2,17.5,10.7,Clayey,Millets,Urea
128,6,47,28.5,15.2,50.2,Clayey,Pulses,DAP
65,30,38,35.5,23.7,33.4,Black,Cotton,DAP
96,97,191,34.0,72.0,17.4,Loamy,Millets,Urea
4,74,44,28.8,63.1,39.5,Loamy,Tobacco,17-17-17
117,103,175,17.8,55.9,17.6,Loamy,Ground Nuts,14-35-14
34,55,142,36.9,63.8,26.0,Black,Maize,10-26-26
109,133,154,30.5,28.5,50.3,Black,Wheat,28-28
50,59,71,19.5,50.0,16.6,Sandy,Barley,28-28
76,6,64,15.4,89.7,57.7,Sandy,Tobacco,DAP
46,90,28,23.6,87.3,39.8,Black,Oil seeds,14-35-14
16,126,50,24.3,71.9,35.4,Clayey,Barley,28-28
52,140,89,35.0,44.0,25.2,Black,Oil seeds,14-35-14
69,15,12,37.8,40.8,45.1,Loamy,Maize,DAP
46,78,41,23.6,44.3,20.7,Clayey,Cotton,14-35-14
38,134,38,32.9,24.8,58.9,Black,Cotton,10-26-26
112,136,60,22.2,39.9,25.0,Black,Wheat,28-28
74,134,81,18.4,45.8,28.2,Loamy,Maize,28-28
88,77,179,34.9,96.3,39.4,Black,Wheat,28-28
131,138,18,44.4,45.0,15.4,Clayey,Wheat,28-28
88,19,69,44.0,21.3,50.9,Clayey,Tobacco,DAP
103,110,193,30.7,56.4,22.5,Red,Oil seeds,14-35-14
9,88,173,29.1,75.7,32.5,Black,Cotton,10-26-26
57,135,1,31.3,60.1,43.5,Black,Barley,28-28
55,42,72,25.8,60.5,30.3,Red,Tobacco,10-26-26
36,61,205,27.6,82.8,24.0,Clayey,Paddy,14-35-14
136,15,94,30.8,97.1,24.1,Clayey,Sugarcane,DAP
129,39,157,16.7,32.0,30.4,Loamy,Wheat,DAP
60,113,43,32.0,14.5,20.5,Clayey,Paddy,20-20
89,138,122,37.6,46.6,42.0,Sandy,Tobacco,20-20
21,89,181,16.6,82.4,41.3,Loamy,Cotton,10-26-26
50,101,113,34.7,47.1,60.0,Sandy,Millets,Urea
103,42,58,31.9,64.2,38.8,Sandy,Millets,Urea
136,41,156,42.4,69.3,43.7,Clayey,Ground Nuts,14-35-14
138,101,53,23.9,91.2,41.0,Black,Maize,28-28
36,117,181,40.1,55.5,55.1,Sandy,Pulses,14-35-14
29,112,78,42.4,74.9,43.9,Sandy,Cotton,14-35-14
21,76,164,19.1,65.7,35.9,Clayey,Oil seeds,14-35-14
62,124,192,41.2,83.4,49.3,Red,Paddy,10-26-26
118,118,151,33.8,78.7,31.9,Loamy,Tobacco,17-17-17
5,19,183,29.0,71.4,34.7,Loamy,Pulses,Urea
7,13,130,42.6,94.0,32.1,Red,Maize,Urea
43,7,23,42.9,16.0,56.1,Loamy,Millets,DAP
24,43,174,44.8,33.6,23.2,Black,Paddy,17-17-17
39,77,188,40.2,63.4,57.9,Black,Sugarcane,20-20
38,79,163,18.3,20.4,28.7,Red,Ground Nuts,14-35-14
69,131,20,32.3,72.3,38.2,Loamy,Ground Nuts,14-35-14
16,72,174,21.8,56.7,32.9,Loamy,Millets,Urea
0,40,72,42.3,40.0,47.7,Black,Oil seeds,14-35-14
41,103,10,35.0,77.5,47.1,Black,Ground Nuts,14-35-14
107,73,179,40.2,91.7,57.2,Black,Wheat,28-28
21,18,13,18.9,27.3,24.5,Clayey,Wheat,Urea
54,11,192,26.5,46.4,21.9,Black,Pulses,DAP
135,88,41,22.3,15.5,27.3,Sandy,Wheat,28-28
45,20,176,27.3,50.5,43.3,Loamy,Tobacco,DAP
54,44,148,24.1,88.3,48.4,Black,Tobacco,10-26-26
90,3,120,17.2,42.5,34.8,Red,Barley,DAP
51,7,104,18.5,33.4,23.1,Red,Maize,DAP
33,131,196,18.8,41.6,30.0,Loamy,Ground Nuts,14-35-14
122,72,85,22.3,21.2,52.1,Clayey,Paddy,10-26-26
136,96,122,44.3,89.8,53.6,Clayey,Ground Nuts,14-35-14
64,84,158,30.0,27.8,54.3,Sandy,Wheat,28-28
54,135,189,31.3,54.0,49.4,Clayey,Oil seeds,14-35-14
93,133,34,29.3,20.6,34.8,Sandy,Sugarcane,20-20
105,39,42,22.8,85.1,30.9,Red,Pulses,14-35-14
55,77,117,35.0,63.9,42.4,Black,Ground Nuts,14-35-14
27,15,86,19.3,44.7,13.4,Sandy,Paddy,Urea
0,65,114,42.6,51.6,57.1,Loamy,Wheat,28-28
71,85,103,28.6,81.2,11.7,Clayey,Paddy,DAP
101,137,160,40.4,85.1,55.4,Sandy,Wheat,28-28
82,23,50,27.1,100.0,24.1,Sandy,Pulses,DAP
120,10,71,21.5,68.1,13.1,Black,Ground Nuts,DAP
79,71,199,33.9,18.3,24.5,Clayey,Wheat,28-28
29,4,17,25.7,47.2,16.1,Red,Maize,Urea
111,104,122,23.8,53.7,51.2,Black,Oil seeds,14-35-14
3,0,69,22.8,54.2,48.9,Black,Paddy,Urea
30,78,54,36.1,89.3,57.2,Clayey,Paddy,14-35-14
5,140,204,20.2,60.9,26.7,Sandy,Barley,28-28
58,51,145,33.5,75.5,44.3,Black,Maize,10-26-26
128,101,70,35.2,35.9,12.8,Loamy,Barley,28-28
98,111,143,30.5,45.1,50.9,Sandy,Oil seeds,14-35-14
98,53,53,33.9,21.8,58.6,Sandy,Paddy,14-35-14
69,65,182,16.2,16.8,33.2,Sandy,Sugarcane,20-20
61,108,170,30.0,84.6,30.6,Sandy,Pulses,14-35-14
100,95,172,24.9,68.2,35.3,Clayey,Pulses,14-35-14
114,76,31,16.0,67.9,46.4,Black,Pulses,14-35-14
47,69,34,39.0,40.6,25.6,Clayey,Cotton,14-35-14
104,65,5,40.1,54.2,26.1,Black,Wheat,28-28
56,118,52,25.0,83.2,56.2,Clayey,Tobacco,DAP
35,71,52,42.1,31.3,48.0,Red,Paddy,DAP
83,72,33,36.6,18.1,53.6,Clayey,Pulses,14-35-14
135,57,84,29.3,55.3,40.9,Black,Tobacco,DAP
58,93,45,18.0,65.8,42.4,Red,Barley,28-28
74,57,18,19.4,30.8,29.7,Sandy,Maize,28-28
119,4,188,37.5,20.4,53.0,Loamy,Maize,DAP
108,99,20,43.6,94.9,50.5,Black,Millets,20-20
57,97,78,42.7,56.7,53.3,Loamy,Cotton,Urea
121,97,134,40.6,81.7,52.4,Clayey,Wheat,28-28
18,131,95,20.8,83.5,49.7,Red,Barley,28-28
17,63,137,43.7,18.7,21.7,Sandy,Barley,28-28
98,65,103,21.5,66.9,28.9,Loamy,Tobacco,17-17-17
18,19,149,31.9,87.2,22.1,Loamy,Tobacco,Urea
88,48,58,20.4,21.2,32.3,Clayey,Cotton,Urea
97,117,172,20.8,68.3,54.4,Red,Wheat,28-28
132,59,76,36.5,44.0,50.0,Black,Barley,28-28
23,28,134,28.6,19.1,34.4,Sandy,Pulses,Urea
119,49,183,32.1,58.6,12.0,Black,Wheat,DAP
135,55,83,27.1,67.1,11.1,Loamy,Oil seeds,14-35-14
104,82,202,29.6,41.8,52.5,Black,Maize,10-26-26
16,106,112,16.8,25.0,34.7,Loamy,Paddy,DAP
52,49,166,15.2,55.5,36.0,Clayey,Oil seeds,14-35-14
73,9,203,30.8,86.7,14.3,Clayey,Maize,DAP
110,8,5,16.9,47.3,42.4,Black,Barley,DAP
58,47,147,40.0,15.8,24.9,Black,Oil seeds,14-35-14
72,35,74,22.0,94.3,23.7,Loamy,Pulses,14-35-14
44,26,21,31.2,53.4,22.1,Loamy,Cotton,DAP
15,112,56,19.6,62.2,18.4,Clayey,Wheat,28-28
45,99,25,42.5,91.1,59.2,Sandy,Tobacco,20-20
74,21,197,20.3,32.9,25.7,Sandy,Cotton,DAP
134,102,40,45.0,47.0,22.4,Red,Paddy,Urea
129,144,121,35.9,41.6,50.1,Red,Pulses,14-35-14
13,99,101,43.1,70.8,10.4,Sandy,Barley,28-28
106,33,161,38.7,40.6,57.4,Red,Maize,DAP
6,87,181,24.3,20.9,45.4,Sandy,Millets,Urea
51,139,10,42.7,57.9,24.6,Black,Cotton,20-20
25,141,175,19.3,59.8,40.5,Clayey,Maize,10-26-26
139,101,46,15.3,16.7,12.8,Loamy,Pulses,14-35-14
85,67,156,20.9,79.8,48.5,Red,Millets,20-20
20,136,201,29.1,75.8,20.7,Loamy,Wheat,28-28
95,16,27,29.7,14.8,14.6,Loamy,Maize,DAP
80,17,34,42.7,71.4,54.9,Loamy,Tobacco,DAP
104,90,157,27.9,68.7,37.4,Sandy,Paddy,10-26-26
105,61,110,18.1,87.8,14.2,Sandy,Wheat,28-28
122,32,107,17.0,15.9,31.8,Loamy,Paddy,DAP
128,67,134,19.0,69.2,50.2,Red,Maize,10-26-26
107,78,2,39.0,20.3,47.0,Sandy,Wheat,28-28
20,40,119,24.6,72.2,34.6,Loamy,Ground Nuts,14-35-14
94,64,40,25.5,91.0,26.5,Sandy,Paddy,17-17-17
100,139,205,42.7,56.3,56.4,Black,Oil seeds,14-35-14
49,56,2,39.5,38.8,59.1,Black,Wheat,28-28
85,129,110,30.9,83.0,38.8,Black,Millets,20-20
14,20,77,36.2,59.4,26.3,Red,Cotton,Urea
72,8,50,32.4,51.6,37.0,Sandy,Tobacco,DAP
53,118,197,30.0,28.4,44.1,Loamy,Oil seeds,14-35-14
45,133,195,28.9,97.0,43.0,Black,Ground Nuts,14-35-14
77,110,98,38.2,43.3,47.4,Loamy,Tobacco,17-17-17
27,140,156,38.4,36.5,24.3,Clayey,Barley,28-28
108,63,51,24.2,67.7,40.8,Black,Wheat,28-28
122,70,128,21.2,64.0,43.8,Red,Barley,28-28
8,59,55,34.2,24.3,21.5,Clayey,Cotton,10-26-26
94,49,102,30.0,90.8,51.0,Red,Wheat,DAP
28,52,133,16.5,16.4,34.3,Black,Millets,Urea
115,36,47,34.3,89.5,26.5,Red,Barley,DAP
31,132,194,17.8,95.1,32.9,Sandy,Pulses,14-35-14
69,135,186,37.1,81.3,17.9,Clayey,Maize,10-26-26
49,16,113,28.0,96.6,11.6,Loamy,Ground Nuts,DAP
50,145,111,28.9,90.7,18.3,Red,Barley,28-28
25,13,121,38.0,97.2,56.5,Red,Cotton,Urea
107,135,90,38.6,27.2,21.7,Red,Wheat,28-28
35,3,156,32.4,85.1,25.6,Clayey,Oil seeds,14-35-14
3,24,197,16.3,54.3,52.2,Red,Pulses,Urea
123,1,37,36.0,80.1,35.3,Sandy,Maize,DAP
34,66,187,33.7,41.5,11.0,Loamy,Cotton,DAP
80,40,113,20.6,58.9,35.6,Loamy,Sugarcane,20-20
62,92,199,32.7,97.4,24.9,Loamy,Sugarcane,20-20
118,144,114,19.5,21.0,24.7,Clayey,Millets,20-20
49,127,5,21.5,33.5,31.5,Red,Barley,28-28
21,40,89,31.9,45.2,20.1,Loamy,Barley,DAP
139,141,29,36.0,86.0,23.7,Loamy,Ground Nuts,14-35-14
38,72,57,42.4,26.0,18.8,Black,Maize,28-28
69,62,203,27.8,45.7,49.2,Red,Cotton,14-35-14
52,81,175,37.9,83.1,51.7,Clayey,Ground Nuts,14-35-14
90,92,179,40.2,99.1,15.8,Black,Ground Nuts,14-35-14
139,137,91,43.2,98.1,26.1,Loamy,Cotton,10-26-26
140,47,108,40.8,32.3,43.6,Clayey,Ground Nuts,14-35-14
31,73,122,32.2,33.1,31.3,Loamy,Millets,20-20
40,33,181,37.7,28.4,30.8,Loamy,Paddy,DAP
102,47,34,40.6,37.2,28.4,Red,Sugarcane,20-20
124,145,82,23.9,60.8,10.3,Black,Cotton,28-28
37,140,124,27.8,66.8,14.5,Black,Tobacco,28-28
131,39,143,29.3,21.3,57.8,Sandy,Tobacco,DAP
124,1,90,43.1,47.5,22.0,Sandy,Millets,DAP
21,25,119,26.1,41.8,33.1,Black,Wheat,Urea
120,62,128,23.3,29.5,48.0,Clayey,Wheat,28-28
64,130,95,26.4,77.1,49.6,Sandy,Ground Nuts,14-35-14
45,59,95,30.1,20.8,46.7,Clayey,Ground Nuts,14-35-14
74,105,52,38.6,95.8,32.1,Loamy,Maize,28-28
82,122,133,29.1,94.3,27.1,Sandy,Cotton,14-35-14
36,144,68,19.4,36.5,59.8,Clayey,Sugarcane,10-26-26
37,44,107,35.5,33.6,20.8,Black,Maize,10-26-26
57,76,162,26.6,39.8,57.4,Black,Pulses,14-35-14
3,126,104,36.7,35.3,50.6,Black,Pulses,14-35-14
62,99,65,23.1,49.2,46.3,Clayey,Ground Nuts,14-35-14
41,85,90,23.3,63.5,15.9,Red,Millets,Urea
45,23,114,26.4,48.5,35.1,Sandy,Millets,DAP
67,135,57,33.2,60.2,18.2,Loamy,Pulses,14-35-14
47,95,70,35.8,18.2,47.5,Black,Cotton,20-20
79,28,30,37.2,64.3,23.8,Clayey,Sugarcane,DAP
140,80,167,25.3,26.7,39.7,Clayey,Millets,Urea
41,75,89,41.0,66.0,29.7,Red,Cotton,14-35-14
20,142,194,27.5,17.1,48.9,Clayey,Oil seeds,14-35-14
71,115,10,32.5,91.9,55.6,Loamy,Barley,28-28
19,99,33,18.0,90.9,17.5,Loamy,Maize,28-28
90,94,2,36.2,47.0,26.0,Red,Tobacco,28-28
87,114,101,19.9,87.1,40.5,Red,Paddy,Urea
131,81,54,33.5,45.9,34.8,Clayey,Millets,Urea
133,36,186,22.7,84.5,23.9,Clayey,Maize,10-26-26
73,124,59,17.7,20.9,25.3,Loamy,Ground Nuts,14-35-14
119,7,183,24.0,55.8,26.7,Sandy,Wheat,DAP
130,104,52,38.6,91.3,23.3,Black,Maize,28-28
78,0,167,39.4,34.0,27.8,Loamy,Wheat,DAP
9,115,157,22.9,52.6,17.6,Red,Tobacco,10-26-26
54,82,3,22.2,73.5,46.5,Black,Oil seeds,14-35-14
11,44,135,41.5,60.5,43.7,Sandy,Pulses,14-35-14
9,39,43,39.3,89.8,56.5,Loamy,Millets,Urea
51,111,117,26.2,18.4,52.1,Clayey,Sugarcane,17-17-17
40,83,70,22.4,91.7,15.5,Clayey,Ground Nuts,14-35-14
82,56,151,33.8,25.3,31.9,Loamy,Millets,Urea
5,92,74,42.4,88.6,54.8,Loamy,Barley,28-28
58,123,195,24.9,69.1,44.5,Red,Barley,28-28
86,113,138,29.0,76.5,45.2,Red,Millets,Urea
16,49,153,20.9,78.5,18.7,Loamy,Oil seeds,14-35-14
89,83,83,18.3,47.2,13.9,Clayey,Maize,28-28
71,90,65,22.6,54.7,32.4,Black,Ground Nuts,14-35-14
118,11,111,37.7,74.2,19.9,Clayey,Tobacco,DAP
60,20,175,16.4,81.7,37.8,Black,Millets,DAP
7,123,100,39.0,65.5,27.7,Loamy,Paddy,DAP
42,25,11,38.0,97.2,28.0,Loamy,Pulses,DAP
76,122,166,25.3,51.5,35.9,Sandy,Wheat,28-28
127,40,169,24.4,70.2,20.4,Loamy,Pulses,14-35-14
13,73,144,44.5,53.0,38.3,Red,Pulses,14-35-14
23,103,69,32.8,76.4,14.0,Black,Tobacco,10-26-26
22,145,13,17.9,88.3,50.0,Clayey,Maize,28-28
86,23,67,28.2,88.3,17.0,Loamy,Ground Nuts,DAP
111,121,136,35.9,49.5,53.2,Clayey,Tobacco,20-20
75,106,129,29.9,60.2,51.6,Sandy,Maize,10-26-26
118,27,115,34.8,16.6,34.1,Loamy,Maize,DAP
129,94,65,16.5,15.4,41.0,Black,Ground Nuts,14-35-14
126,115,63,41.5,37.8,51.6,Black,Barley,28-28
22,125,9,37.0,38.7,59.1,Clayey,Sugarcane,20-20
12,8,145,29.6,56.5,48.4,Clayey,Sugarcane,Urea
43,9,104,22.3,52.3,27.1,Clayey,Pulses,DAP
60,91,122,33.1,84.7,41.5,Loamy,Barley,28-28
56,44,119,34.6,38.9,59.4,Clayey,Ground Nuts,14-35-14
125,10,97,22.8,49.8,19.2,Sandy,Cotton,DAP
32,132,122,35.3,76.4,52.3,Clayey,Sugarcane,17-17-17
43,120,141,25.2,28.1,30.2,Loamy,Cotton,10-26-26
96,29,120,19.3,44.4,26.1,Sandy,Tobacco,DAP
97,91,72,33.1,26.1,57.0,Red,Sugarcane,20-20
139,127,91,33.6,43.8,41.5,Loamy,Wheat,28-28
17,130,204,21.9,17.1,56.2,Loamy,Tobacco,17-17-17
132,40,4,20.0,72.0,31.0,Black,Tobacco,28-28
46,126,81,17.2,25.8,43.3,Clayey,Tobacco,DAP
49,127,62,18.0,61.1,25.7,Clayey,Pulses,14-35-14
78,86,108,45.0,41.7,52.1,Red,Oil seeds,14-35-14
4,3,178,19.8,25.9,40.7,Clayey,Millets,Urea
85,56,61,38.2,80.0,42.7,Clayey,Wheat,28-28
9,43,125,15.6,16.5,18.3,Loamy,Maize,10-26-26
97,38,106,41.8,53.1,12.2,Sandy,Paddy,28-28
75,19,61,26.3,54.6,51.2,Sandy,Barley,DAP
104,106,101,16.9,71.0,16.1,Red,Cotton,14-35-14
74,9,188,40.2,45.9,25.1,Red,Sugarcane,DAP
92,129,182,27.4,89.6,31.5,Loamy,Ground Nuts,14-35-14
83,0,192,43.6,35.7,23.3,Loamy,Pulses,DAP
32,69,55,34.9,99.4,46.8,Sandy,Wheat,28-28
16,92,22,35.9,29.9,47.9,Red,Ground Nuts,14-35-14
54,61,144,21.9,92.4,36.7,Black,Pulses,14-35-14
47,102,27,44.5,71.3,15.7,Loamy,Wheat,28-28
59,144,167,31.7,19.5,39.0,Sandy,Wheat,28-28
56,35,56,41.9,64.4,55.2,Black,Tobacco,17-17-17
119,101,120,44.7,65.8,45.5,Clayey,Ground Nuts,14-35-14
14,29,3,35.9,83.1,31.1,Red,Maize,Urea
58,23,87,33.5,58.0,25.1,Black,Pulses,DAP
139,33,37,28.4,77.6,59.7,Red,Wheat,DAP
0,52,191,26.8,46.1,54.9,Black,Millets,Urea
140,65,42,15.7,73.2,36.3,Clayey,Paddy,14-35-14
118,61,81,43.1,35.5,18.4,Black,Pulses,14-35-14
97,96,90,29.9,32.5,10.5,Black,Millets,Urea
68,109,91,36.3,72.1,29.7,Loamy,Pulses,14-35-14
125,49,79,29.1,30.8,14.7,Black,Barley,DAP
76,123,128,15.4,93.1,27.6,Loamy,Oil seeds,14-35-14
83,132,43,37.7,57.8,25.0,Sandy,Tobacco,Urea
59,65,46,29.5,41.4,40.1,Clayey,Millets,Urea
39,35,148,18.7,34.5,57.3,Red,Paddy,17-17-17
55,56,186,36.7,76.3,39.6,Sandy,Barley,28-28
99,45,184,23.0,33.8,41.2,Loamy,Tobacco,17-17-17
80,99,82,19.4,54.0,22.7,Clayey,Tobacco,20-20
89,61,16,38.8,35.9,30.4,Loamy,Tobacco,17-17-17
60,57,43,40.5,63.5,25.7,Red,Pulses,14-35-14
37,29,146,28.9,63.9,45.3,Clayey,Maize,DAP
25,6,33,39.8,90.5,39.0,Sandy,Tobacco,Urea
127,59,63,31.2,30.9,57.6,Black,Oil seeds,14-35-14
137,124,152,38.7,35.1,36.2,Loamy,Maize,10-26-26
57,60,117,44.8,45.4,37.6,Black,Ground Nuts,14-35-14
87,132,185,43.7,32.6,58.5,Black,Millets,Urea
133,115,100,43.1,76.8,28.6,Sandy,Pulses,14-35-14
82,93,185,40.7,57.5,57.8,Red,Tobacco,10-26-26
34,128,173,30.7,73.1,49.4,Sandy,Sugarcane,10-26-26
6,109,143,33.6,49.9,49.6,Clayey,Oil seeds,14-35-14
38,48,26,38.4,90.6,35.1,Loamy,Pulses,14-35-14
24,52,10,29.7,24.1,46.7,Sandy,Paddy,17-17-17
54,126,69,16.1,86.2,45.2,Red,Oil seeds,14-35-14
42,98,6,36.4,26.6,13.0,Black,Cotton,20-20
4,112,136,32.5,31.2,10.3,Red,Millets,20-20
16,110,57,17.6,32.7,40.5,Clayey,Paddy,28-28
27,88,185,38.8,74.0,54.3,Red,Tobacco,10-26-26
100,3,120,30.4,78.0,29.8,Red,Paddy,DAP
101,17,197,24.8,92.9,10.7,Black,Maize,DAP
139,3,169,34.4,71.6,54.0,Red,Pulses,DAP
82,5,151,19.4,66.3,51.6,Loamy,Paddy,DAP
41,61,124,18.3,14.0,15.1,Red,Barley,28-28
117,92,98,21.0,35.4,21.2,Clayey,Tobacco,DAP
99,133,78,24.3,58.3,28.9,Clayey,Tobacco,28-28
6,21,71,22.4,81.0,28.9,Red,Millets,Urea
72,71,132,29.2,38.7,59.3,Sandy,Paddy,DAP
1,27,138,34.8,62.3,30.8,Black,Wheat,Urea
20,33,137,23.0,43.2,10.9,Clayey,Wheat,Urea
140,117,3,28.8,47.2,27.0,Sandy,Cotton,14-35-14
89,51,144,32.9,66.8,46.1,Red,Millets,Urea
91,58,12,19.0,77.9,24.4,Red,Oil seeds,14-35-14
12,76,108,40.7,80.5,43.6,Sandy,Paddy,20-20
5,118,18,28.7,22.4,48.3,Loamy,Paddy,28-28
8,133,128,20.1,87.0,30.9,Black,Sugarcane,14-35-14
27,145,31,26.7,84.0,10.5,Black,Cotton,Urea
19,19,176,41.2,92.9,57.4,Red,Tobacco,Urea
63,68,145,19.6,66.5,11.3,Clayey,Maize,10-26-26
8,18,102,33.8,29.4,57.3,Red,Ground Nuts,Urea
91,35,16,44.2,99.1,60.0,Sandy,Paddy,Urea
33,136,19,35.9,79.0,43.0,Sandy,Maize,28-28
124,72,78,30.1,65.0,56.4,Red,Barley,28-28
30,33,168,29.6,51.7,30.4,Clayey,Paddy,20-20
44,17,31,32.3,39.8,47.7,Black,Paddy,DAP
37,0,196,20.5,67.8,58.5,Black,Pulses,DAP
135,15,113,25.5,76.2,48.9,Clayey,Cotton,DAP
108,43,142,30.5,73.0,18.4,Loamy,Paddy,10-26-26
70,108,31,27.7,15.5,45.9,Sandy,Maize,28-28
136,66,31,17.3,87.5,17.6,Red,Tobacco,Urea
68,68,195,16.5,85.7,22.0,Loamy,Maize,10-26-26
69,53,169,29.2,14.1,39.1,Loamy,Paddy,17-17-17
9,62,72,17.6,83.0,34.1,Red,Oil seeds,14-35-14
115,36,129,29.3,49.1,58.4,Black,Sugarcane,20-20
26,83,177,31.7,20.5,32.8,Clayey,Ground Nuts,14-35-14
72,11,141,29.4,28.5,38.9,Red,Tobacco,DAP
58,136,118,32.0,69.4,16.9,Sandy,Tobacco,20-20
71,127,169,43.0,43.7,19.3,Clayey,Barley,28-28
45,47,167,34.3,66.1,20.5,Sandy,Ground Nuts,14-35-14
18,129,67,33.1,55.3,31.4,Red,Tobacco,14-35-14
127,118,13,35.7,20.8,37.3,Clayey,Maize,28-28
32,105,128,36.9,32.5,32.4,Red,Sugarcane,17-17-17
54,120,122,45.0,38.0,39.5,Loamy,Barley,28-28
100,115,32,31.3,24.6,32.0,Sandy,Barley,28-28
122,5,146,29.8,88.2,42.8,Black,Tobacco,DAP
64,112,101,29.0,79.1,33.9,Clayey,Maize,10-26-26
119,63,164,44.9,22.6,54.1,Red,Millets,20-20
131,48,166,33.1,87.5,46.9,Sandy,Tobacco,10-26-26
89,6,12,33.8,80.2,41.8,Black,Tobacco,DAP
41,101,120,43.4,60.3,24.3,Sandy,Wheat,28-28
32,78,164,31.2,37.6,27.3,Loamy,Wheat,28-28
67,99,81,31.9,74.7,57.6,Sandy,Tobacco,DAP
97,92,175,36.3,40.5,52.7,Red,Oil seeds,14-35-14
86,68,115,42.1,47.8,52.2,Black,Ground Nuts,14-35-14
9,141,101,18.1,36.8,50.8,Red,Tobacco,20-20
127,77,138,27.7,98.9,25.5,Red,Cotton,14-35-14
9,140,110,30.5,66.1,47.7,Black,Millets,Urea
45,47,65,35.4,49.6,42.4,Sandy,Tobacco,10-26-26
40,63,42,42.2,50.2,15.7,Black,Wheat,28-28
110,22,171,32.3,54.8,53.0,Red,Maize,DAP
2,143,8,31.3,46.5,50.7,Black,Barley,28-28
47,106,7,40.4,99.0,44.9,Red,Cotton,14-35-14
25,142,114,33.1,77.6,51.0,Clayey,Wheat,28-28
95,117,61,36.1,68.8,36.6,Sandy,Pulses,14-35-14
113,109,2,26.7,20.8,31.2,Sandy,Oil seeds,14-35-14
103,114,136,23.9,88.2,30.3,Sandy,Paddy,28-28
118,143,27,42.6,82.8,21.5,Red,Paddy,10-26-26
61,27,79,27.5,50.8,33.4,Sandy,Sugarcane,DAP
93,66,1,21.6,38.0,25.9,Black,Pulses,14-35-14
92,43,26,29.0,72.8,40.2,Red,Barley,DAP
49,102,181,37.5,85.6,22.1,Sandy,Cotton,14-35-14
63,48,186,35.9,87.6,58.0,Red,Cotton,14-35-14
134,59,60,41.9,56.2,32.7,Clayey,Wheat,28-28
27,89,5,30.0,35.8,47.9,Sandy,Sugarcane,17-17-17
15,70,158,25.0,22.1,14.3,Red,Sugarcane,14-35-14
1,99,148,35.5,14.0,26.4,Black,Barley,28-28
93,99,19,28.9,93.3,28.0,Red,Tobacco,20-20
63,103,157,28.6,65.3,30.4,Clayey,Tobacco,10-26-26
140,136,16,26.4,86.8,15.1,Black,Pulses,14-35-14
112,132,7,42.1,33.2,13.0,Clayey,Cotton,17-17-17
24,125,177,32.5,90.6,14.5,Loamy,Maize,10-26-26
45,30,161,35.9,15.2,21.6,Red,Cotton,DAP
16,138,198,22.0,72.1,23.3,Sandy,Pulses,14-35-14
15,102,89,17.7,31.7,20.0,Sandy,Barley,28-28
32,30,134,27.3,52.1,22.6,Sandy,Millets,Urea
23,30,27,29.2,39.6,46.5,Red,Maize,Urea
8,21,126,39.5,77.5,17.0,Clayey,Millets,Urea
14,66,72,18.1,66.2,50.1,Loamy,Tobacco,17-17-17
110,20,60,33.1,55.2,38.4,Red,Oil seeds,DAP
108,76,161,21.4,18.9,42.9,Clayey,Maize,10-26-26
58,114,202,20.4,42.5,57.6,Loamy,Pulses,14-35-14
125,102,162,15.3,75.5,33.5,Loamy,Paddy,10-26-26
93,51,192,23.5,78.9,45.1,Clayey,Sugarcane,20-20
108,93,6,21.7,38.2,10.5,Loamy,Oil seeds,14-35-14
87,107,82,34.5,61.9,42.6,Sandy,Ground Nuts,14-35-14
107,59,71,20.3,71.7,58.4,Loamy,Wheat,28-28
95,138,108,21.4,56.3,36.2,Red,Maize,10-26-26
79,59,115,17.3,86.8,39.9,Sandy,Ground Nuts,14-35-14
51,129,148,43.7,87.1,51.1,Sandy,Wheat,28-28
129,103,106,17.7,59.3,26.1,Clayey,Pulses,14-35-14
18,63,50,30.5,52.8,56.4,Black,Tobacco,DAP
37,37,64,41.1,95.2,32.7,Clayey,Wheat,DAP
59,82,5,26.9,89.8,42.5,Red,Ground Nuts,14-35-14
113,83,155,44.6,68.0,56.4,Sandy,Ground Nuts,14-35-14
66,144,39,26.8,88.2,42.6,Black,Oil seeds,14-35-14
56,128,28,44.3,42.8,59.1,Black,Paddy,17-17-17
127,134,89,38.7,82.8,14.7,Clayey,Paddy,DAP
57,35,144,34.5,86.6,27.6,Clayey,Barley,DAP
140,96,153,38.5,97.9,37.2,Black,Maize,10-26-26
76,59,95,38.8,59.9,30.5,Clayey,Cotton,20-20
50,126,102,18.9,73.2,38.5,Loamy,Oil seeds,14-35-14
26,91,71,21.9,58.1,44.1,Loamy,Paddy,20-20
44,70,6,35.0,20.7,41.4,Loamy,Cotton,20-20
92,14,7,22.0,84.4,18.4,Red,Millets,DAP
13,74,114,43.4,43.1,32.3,Red,Ground Nuts,14-35-14
30,125,118,38.0,20.4,48.1,Loamy,Oil seeds,14-35-14
119,81,51,37.0,29.9,38.2,Black,Pulses,14-35-14
39,67,43,18.7,38.7,46.4,Clayey,Paddy,20-20
10,4,130,27.4,75.0,35.8,Red,Tobacco,Urea
29,43,9,15.7,71.9,37.6,Clayey,Oil seeds,14-35-14
69,25,99,21.4,88.3,19.8,Black,Maize,DAP
71,94,153,31.6,57.8,27.8,Loamy,Sugarcane,20-20
36,125,137,21.4,25.1,55.5,Black,Tobacco,Urea
98,136,186,26.0,75.4,41.4,Sandy,Wheat,28-28
5,122,106,27.6,47.5,16.0,Red,Wheat,28-28
140,119,36,40.6,46.6,55.4,Loamy,Millets,20-20
124,0,29,31.0,17.8,57.9,Clayey,Maize,DAP
64,44,46,20.5,58.7,20.4,Clayey,Cotton,10-26-26
91,14,200,37.3,30.2,51.2,Loamy,Paddy,DAP
69,138,99,44.0,94.0,33.1,Clayey,Oil seeds,14-35-14
33,132,139,43.5,77.2,58.6,Loamy,Oil seeds,14-35-14
124,92,133,17.2,97.6,13.0,Loamy,Pulses,14-35-14
70,65,44,29.5,58.4,51.2,Black,Sugarcane,20-20
139,12,80,40.9,91.9,28.8,Clayey,Maize,DAP
127,48,5,42.4,25.8,35.2,Black,Sugarcane,20-20
69,4,186,18.6,55.8,50.8,Black,Paddy,DAP
9,23,21,43.2,23.8,43.6,Clayey,Ground Nuts,Urea
39,15,104,20.2,24.5,49.2,Black,Tobacco,DAP
19,83,82,42.3,38.8,50.9,Red,Sugarcane,14-35-14
123,27,196,16.3,80.3,18.5,Clayey,Maize,DAP
28,64,55,32.3,28.7,11.1,Sandy,Pulses,14-35-14
137,25,14,41.9,53.5,10.4,Loamy,Wheat,DAP
62,28,47,35.7,41.8,17.4,Red,Millets,DAP
137,21,171,43.1,54.1,29.4,Sandy,Paddy,DAP
128,60,29,17.4,71.8,25.8,Red,Cotton,14-35-14
36,128,142,17.1,89.9,23.8,Sandy,Millets,Urea
90,142,38,44.4,36.2,10.5,Red,Millets,Urea
38,53,150,21.1,32.8,47.9,Clayey,Tobacco,10-26-26
12,114,38,28.6,96.5,37.7,Clayey,Wheat,28-28
111,71,2,32.2,45.1,27.5,Sandy,Tobacco,20-20
48,42,137,19.5,53.7,57.6,Loamy,Millets,20-20
9,62,102,17.3,67.1,34.4,Clayey,Pulses,14-35-14
124,140,26,17.4,68.1,15.0,Black,Paddy,10-26-26
2,129,41,27.9,49.4,39.8,Sandy,Sugarcane,14-35-14
23,81,83,35.3,63.6,47.9,Black,Sugarcane,Urea
10,67,96,28.8,30.7,55.7,Black,Sugarcane,28-28
70,120,19,30.1,41.1,23.2,Black,Barley,28-28
83,97,180,22.6,55.0,30.9,Black,Oil seeds,14-35-14
135,110,134,19.6,98.2,55.1,Sandy,Millets,20-20
100,63,85,42.0,89.8,47.4,Sandy,Oil seeds,14-35-14
109,52,173,44.0,53.9,42.1,Red,Pulses,14-35-14
121,143,73,24.0,69.4,55.4,Clayey,Millets,Urea
59,31,52,26.4,48.4,31.0,Black,Sugarcane,DAP
41,12,141,37.0,61.9,37.7,Clayey,Tobacco,DAP
116,100,185,33.3,88.4,51.0,Clayey,Maize,10-26-26
74,78,111,35.2,17.7,16.8,Clayey,Pulses,14-35-14
0,123,37,32.2,66.7,33.1,Sandy,Barley,28-28
99,67,137,26.1,57.4,52.0,Black,Sugarcane,20-20
118,121,110,35.9,22.6,59.2,Loamy,Barley,28-28
7,133,124,41.8,58.7,36.5,Black,Tobacco,Urea
62,133,189,22.1,42.9,57.2,Red,Tobacco,10-26-26
8,116,9,26.5,70.3,19.7,Black,Wheat,28-28
71,129,168,26.6,44.2,54.4,Red,Tobacco,10-26-26
27,91,151,37.4,93.1,29.9,Black,Ground Nuts,14-35-14
5,116,11,24.8,86.8,27.2,Clayey,Tobacco,17-17-17
7,42,204,31.8,22.9,56.1,Loamy,Wheat,DAP
93,94,168,42.9,77.9,16.7,Clayey,Sugarcane,20-20
93,66,137,44.3,41.5,27.6,Loamy,Maize,10-26-26
67,112,95,41.9,65.3,32.0,Red,Cotton,14-35-14
109,45,22,26.5,78.5,45.6,Black,Barley,DAP
113,119,84,26.0,22.0,51.0,Black,Barley,28-28
103,92,40,19.6,53.4,54.3,Clayey,Paddy,DAP
118,100,109,19.1,55.4,51.4,Black,Pulses,14-35-14
5,12,20,39.9,95.9,35.1,Sandy,Maize,Urea
97,57,167,23.7,96.2,35.0,Clayey,Millets,Urea
9,2,161,35.4,51.9,57.4,Clayey,Tobacco,Urea
104,8,40,26.5,84.7,49.6,Loamy,Paddy,DAP
88,37,91,44.8,80.3,38.9,Clayey,Oil seeds,14-35-14
98,135,40,31.9,59.3,26.4,Red,Cotton,14-35-14
98,62,194,17.0,80.5,45.8,Sandy,Pulses,14-35-14
100,8,182,37.5,42.9,20.6,Red,Sugarcane,DAP
64,132,177,34.9,50.4,16.3,Black,Oil seeds,14-35-14
61,116,203,25.7,69.8,39.2,Loamy,Tobacco,17-17-17
6,139,13,22.3,81.4,32.1,Sandy,Wheat,28-28
125,33,26,27.5,66.9,23.0,Red,Maize,DAP
79,85,59,25.4,68.6,20.7,Red,Wheat,28-28
83,53,168,30.1,96.1,15.0,Clayey,Maize,10-26-26
126,40,157,43.1,76.6,25.1,Sandy,Maize,10-26-26
71,123,152,36.9,86.6,37.7,Sandy,Barley,28-28
34,32,145,40.1,64.2,12.4,Sandy,Ground Nuts,14-35-14
17,22,147,31.2,50.9,43.2,Loamy,Wheat,Urea
58,32,175,40.6,69.6,53.8,Sandy,Sugarcane,DAP
109,140,38,18.1,94.1,38.4,Sandy,Cotton,14-35-14
140,55,173,36.2,94.9,14.4,Sandy,Maize,10-26-26
68,30,124,35.7,92.5,23.2,Loamy,Cotton,DAP
107,23,33,15.2,94.3,57.8,Sandy,Oil seeds,DAP
68,81,117,19.6,41.6,40.8,Loamy,Wheat,28-28
49,15,86,16.1,86.2,12.2,Loamy,Wheat,DAP
85,117,10,44.8,40.2,23.5,Sandy,Barley,28-28
35,65,184,17.5,96.0,40.9,Loamy,Oil seeds,14-35-14
5,125,91,41.7,57.9,46.3,Loamy,Sugarcane,28-28
111,1,176,15.2,48.1,21.9,Clayey,Oil seeds,DAP
3,56,46,37.0,80.5,46.8,Loamy,Barley,28-28
36,62,11,15.0,36.2,56.5,Sandy,Tobacco,20-20
48,66,20,31.6,93.0,26.3,Loamy,Maize,28-28
113,133,168,16.5,56.6,50.6,Sandy,Sugarcane,20-20
42,71,183,44.8,29.6,18.7,Clayey,Wheat,28-28
69,44,36,37.9,19.1,24.9,Loamy,Wheat,DAP
7,4,9,15.5,82.5,11.2,Clayey,Ground Nuts,Urea
134,114,62,29.4,38.4,59.7,Loamy,Oil seeds,14-35-14
99,106,153,27.3,24.7,48.1,Red,Wheat,28-28
24,64,99,25.5,63.4,46.0,Loamy,Barley,28-28
28,4,10,42.3,14.6,18.3,Sandy,Sugarcane,Urea
17,114,4,25.2,22.5,18.9,Sandy,Maize,28-28
95,93,28,25.8,17.7,28.1,Clayey,Barley,28-28
57,10,41,30.2,76.5,27.5,Clayey,Millets,DAP
59,35,159,17.7,75.1,29.3,Red,Cotton,14-35-14
39,145,109,31.2,23.1,21.6,Red,Maize,10-26-26
31,113,46,27.8,96.9,42.7,Black,Paddy,10-26-26
9,108,177,44.7,43.5,45.3,Loamy,Ground Nuts,14-35-14
59,64,126,41.4,93.0,52.3,Clayey,Tobacco,14-35-14
138,131,40,36.5,39.3,15.6,Sandy,Tobacco,Urea
90,116,154,31.6,67.4,12.6,Loamy,Sugarcane,20-20
25,38,91,41.2,74.0,18.5,Loamy,Barley,Urea
75,66,121,33.2,17.0,17.2,Red,Sugarcane,20-20
127,126,83,25.0,27.8,10.4,Loamy,Cotton,17-17-17
115,123,15,34.1,43.1,51.7,Loamy,Wheat,28-28
54,133,39,34.8,30.5,29.4,Sandy,Tobacco,20-20
10,117,60,41.1,31.9,13.6,Sandy,Millets,Urea
12,62,10,15.7,95.2,13.5,Red,Paddy,DAP
86,81,34,20.2,77.0,25.2,Loamy,Barley,28-28
138,77,27,34.9,41.7,58.2,Sandy,Oil seeds,14-35-14
131,63,175,39.7,88.1,13.2,Clayey,Pulses,14-35-14
40,59,111,37.1,88.8,17.8,Loamy,Oil seeds,14-35-14
130,138,23,41.3,65.5,52.3,Red,Wheat,28-28
20,142,57,41.6,41.4,51.2,Red,Ground Nuts,14-35-14
93,109,63,40.6,63.8,22.9,Black,Sugarcane,20-20
127,31,53,44.7,83.7,23.4,Clayey,Maize,DAP
126,39,71,16.1,27.8,22.9,Sandy,Millets,20-20
9,15,173,32.0,20.8,58.6,Sandy,Sugarcane,Urea
55,89,28,15.5,94.3,20.9,Sandy,Tobacco,14-35-14
84,74,135,28.1,59.1,44.8,Black,Tobacco,10-26-26
120,44,105,32.4,99.9,49.3,Black,Barley,DAP
25,144,183,16.0,94.7,22.9,Clayey,Sugarcane,10-26-26
123,137,69,30.7,23.6,49.8,Loamy,Paddy,17-17-17
18,89,189,38.0,99.0,54.2,Loamy,Pulses,14-35-14
61,133,28,20.9,23.5,52.9,Black,Maize,28-28
50,19,1,36.0,81.4,56.9,Red,Paddy,DAP
24,111,8,15.7,88.4,11.4,Black,Wheat,28-28
1,0,47,38.7,30.4,27.7,Black,Sugarcane,Urea
5,25,42,30.7,87.9,41.6,Loamy,Ground Nuts,Urea
129,123,73,26.3,42.3,10.4,Black,Barley,28-28
41,110,195,18.9,56.2,56.6,Sandy,Barley,28-28
115,134,196,29.2,92.1,30.5,Clayey,Ground Nuts,14-35-14
118,73,8,20.7,41.3,14.6,Clayey,Wheat,28-28
101,94,108,41.8,43.0,21.1,Sandy,Tobacco,DAP
33,99,113,27.2,72.0,38.7,Sandy,Sugarcane,DAP
87,8,2,38.7,35.2,24.1,Red,Wheat,DAP
122,42,155,22.0,88.3,49.4,Loamy,Wheat,DAP
89,104,56,30.8,36.8,45.3,Loamy,Cotton,DAP
26,117,53,21.0,77.6,24.0,Black,Barley,28-28
91,83,60,41.0,62.6,52.7,Red,Barley,28-28
140,46,121,19.6,25.0,43.1,Sandy,Wheat,DAP
114,51,106,18.5,93.4,57.2,Sandy,Wheat,28-28
103,135,171,19.9,58.3,23.9,Sandy,Ground Nuts,14-35-14
103,114,131,35.2,38.7,37.3,Red,Millets,Urea
72,87,44,44.9,26.9,31.4,Sandy,Pulses,14-35-14
118,41,154,22.6,21.3,24.4,Red,Wheat,DAP
110,24,2,33.6,87.2,21.6,Black,Pulses,DAP
92,140,98,27.3,90.3,58.2,Red,Barley,28-28
114,123,162,30.4,36.0,20.1,Sandy,Barley,28-28
87,108,133,16.2,17.7,54.3,Black,Maize,10-26-26
54,140,73,39.7,83.0,27.0,Red,Wheat,28-28
68,61,199,35.3,24.0,50.5,Loamy,Millets,Urea
101,41,9,32.2,79.5,41.9,Loamy,Millets,20-20
107,123,153,20.2,15.0,36.6,Sandy,Pulses,14-35-14
60,76,182,27.8,79.9,19.1,Red,Wheat,28-28
121,58,109,25.2,94.2,12.9,Red,Tobacco,14-35-14
20,93,146,30.4,16.1,15.3,Red,Ground Nuts,14-35-14
8,78,156,38.2,78.6,52.1,Red,Wheat,28-28
95,4,57,40.9,58.8,25.5,Black,Millets,DAP
100,32,21,38.1,22.0,49.0,Red,Tobacco,DAP
132,38,185,30.5,27.7,54.7,Red,Maize,10-26-26
22,57,163,38.7,56.4,12.1,Red,Tobacco,10-26-26
111,89,47,28.2,34.2,45.9,Red,Cotton,14-35-14
99,72,27,17.5,20.6,39.1,Sandy,Paddy,20-20
99,118,97,15.6,90.4,15.1,Red,Paddy,10-26-26
4,140,8,25.9,77.2,27.5,Black,Sugarcane,DAP
81,84,64,23.5,99.9,26.4,Loamy,Wheat,28-28
93,47,163,24.3,58.2,14.4,Loamy,Pulses,14-35-14
30,23,148,31.9,68.7,13.5,Red,Millets,Urea
126,116,38,15.2,14.6,36.9,Black,Cotton,17-17-17
110,74,129,17.2,56.2,46.7,Clayey,Cotton,DAP
10,134,76,17.7,84.7,28.9,Loamy,Cotton,17-17-17
134,64,57,30.7,15.7,46.4,Black,Maize,28-28
3,135,89,20.5,77.2,20.0,Black,Paddy,10-26-26
120,102,65,39.1,94.0,16.2,Red,Barley,28-28
27,144,107,21.2,94.4,32.4,Loamy,Ground Nuts,14-35-14
68,94,129,35.4,23.4,19.6,Black,Barley,28-28
32,101,28,17.1,28.7,33.8,Clayey,Ground Nuts,14-35-14
108,103,71,36.1,69.5,39.8,Red,Ground Nuts,14-35-14
66,103,118,24.9,22.1,44.6,Black,Oil seeds,14-35-14
50,20,78,31.3,14.7,14.8,Clayey,Pulses,DAP
86,57,194,27.3,16.3,10.0,Black,Barley,28-28
16,70,96,15.7,82.1,41.0,Clayey,Wheat,28-28
106,123,15,37.9,53.0,21.6,Red,Sugarcane,20-20
11,49,58,40.0,68.9,54.4,Red,Pulses,14-35-14
107,84,73,25.0,42.4,51.0,Clayey,Sugarcane,20-20
97,102,40,34.8,35.4,46.8,Black,Wheat,28-28
133,1,61,44.5,47.3,42.4,Loamy,Barley,DAP
51,122,185,24.1,72.3,45.6,Black,Paddy,10-26-26
31,44,84,19.8,74.0,53.7,Clayey,Sugarcane,Urea
120,0,73,32.1,75.7,29.7,Sandy,Pulses,DAP
14,18,185,30.5,77.0,46.4,Clayey,Oil seeds,Urea
21,54,117,23.9,47.2,55.9,Clayey,Barley,28-28
130,69,17,39.1,35.6,14.7,Sandy,Millets,Urea
114,61,18,22.9,26.4,58.6,Clayey,Wheat,28-28
67,4,4,19.9,47.7,46.3,Black,Barley,DAP
18,86,141,27.5,14.1,12.7,Red,Paddy,10-26-26
9,66,140,29.4,55.5,39.9,Clayey,Paddy,20-20
23,63,140,32.3,22.0,21.0,Clayey,Ground Nuts,14-35-14
8,127,100,25.9,57.2,44.1,Black,Cotton,10-26-26
44,15,19,30.1,92.0,33.7,Sandy,Maize,DAP
126,49,100,22.0,99.6,10.3,Sandy,Tobacco,28-28
28,81,121,25.1,82.9,50.7,Red,Tobacco,20-20
42,8,39,32.2,92.1,11.8,Clayey,Maize,DAP
88,143,178,40.8,39.0,26.6,Sandy,Paddy,10-26-26
123,23,106,19.6,29.7,53.9,Clayey,Paddy,DAP
57,68,146,27.0,38.4,10.5,Black,Paddy,17-17-17
24,34,156,20.7,78.5,50.1,Sandy,Paddy,Urea
130,21,141,42.4,61.4,32.2,Sandy,Maize,DAP
46,130,38,19.6,82.1,28.5,Sandy,Paddy,20-20
52,136,102,21.3,79.8,39.1,Black,Wheat,28-28
67,144,169,17.3,53.0,46.2,Clayey,Cotton,10-26-26
134,47,193,34.4,92.8,18.8,Black,Tobacco,DAP
42,79,146,31.2,95.2,30.6,Loamy,Paddy,DAP
97,17,127,35.2,79.1,26.5,Red,Oil seeds,DAP
14,137,148,36.2,37.9,17.5,Black,Barley,28-28
109,137,48,29.6,65.0,49.5,Loamy,Pulses,14-35-14
7,141,21,26.2,15.2,30.3,Black,Sugarcane,28-28
29,115,148,33.2,55.6,57.3,Clayey,Paddy,10-26-26
92,116,190,19.5,73.0,25.0,Black,Millets,Urea
75,7,134,23.9,54.6,55.7,Red,Tobacco,DAP
105,9,185,38.8,14.5,15.6,Black,Sugarcane,DAP
58,104,0,22.2,79.6,36.8,Loamy,Sugarcane,10-26-26
87,8,203,20.0,84.3,18.1,Loamy,Maize,DAP
107,39,35,31.8,22.8,31.1,Loamy,Paddy,10-26-26
18,95,169,23.7,74.2,22.7,Loamy,Maize,10-26-26
95,81,137,28.2,28.0,47.6,Red,Tobacco,Urea
36,62,50,17.3,62.4,12.7,Sandy,Tobacco,Urea
58,44,164,43.5,95.1,44.7,Sandy,Tobacco,14-35-14
117,99,67,43.0,50.7,55.5,Sandy,Paddy,DAP
102,58,45,40.4,47.1,55.7,Black,Paddy,17-17-17
80,3,125,38.7,33.8,20.3,Clayey,Cotton,DAP
69,35,83,42.8,86.5,11.9,Black,Cotton,28-28
66,9,45,19.3,56.5,11.3,Clayey,Maize,DAP
128,80,24,29.8,61.3,22.0,Loamy,Pulses,14-35-14
66,118,177,20.2,47.8,29.3,Black,Oil seeds,14-35-14
112,50,35,28.3,52.1,10.4,Loamy,Barley,28-28
36,67,105,26.2,49.4,45.5,Red,Paddy,Urea
112,27,21,23.4,54.3,15.6,Sandy,Ground Nuts,DAP
52,99,149,15.6,52.5,59.3,Loamy,Cotton,10-26-26
8,70,16,29.5,31.8,42.4,Clayey,Barley,28-28
93,106,33,25.7,65.8,54.9,Black,Oil seeds,14-35-14
92,106,192,23.8,70.5,51.3,Loamy,Wheat,28-28
106,98,58,25.5,89.4,35.5,Sandy,Paddy,28-28
126,78,163,15.5,14.3,37.5,Black,Barley,28-28
69,8,203,17.6,65.4,11.4,Loamy,Sugarcane,DAP
64,10,90,20.3,22.7,25.7,Red,Ground Nuts,DAP
104,15,6,22.5,48.2,56.4,Sandy,Paddy,DAP
107,103,87,17.6,49.4,33.3,Red,Pulses,14-35-14
47,7,134,42.1,14.2,41.5,Red,Sugarcane,DAP
33,26,7,34.9,19.4,41.1,Clayey,Wheat,DAP
135,46,55,22.8,84.0,51.0,Black,Barley,DAP
121,6,38,39.1,83.4,30.9,Black,Tobacco,DAP
76,136,121,16.8,29.1,21.4,Loamy,Oil seeds,14-35-14
46,89,0,16.7,18.8,10.6,Black,Oil seeds,14-35-14
136,134,29,23.7,42.5,20.9,Sandy,Sugarcane,20-20
77,106,196,26.3,86.7,45.7,Clayey,Barley,28-28
120,86,169,43.9,53.1,49.1,Red,Paddy,10-26-26
108,7,141,32.7,41.8,45.8,Red,Millets,DAP
119,34,123,40.6,42.3,28.3,Black,Wheat,DAP
131,81,103,29.4,80.8,48.4,Loamy,Sugarcane,20-20
79,127,131,37.6,77.4,11.1,Black,Barley,28-28
8,145,30,15.7,29.9,19.3,Clayey,Ground Nuts,14-35-14
85,47,141,17.6,92.0,22.8,Loamy,Oil seeds,14-35-14
99,11,134,35.3,89.7,54.4,Loamy,Paddy,DAP
46,83,11,23.4,29.2,38.2,Red,Sugarcane,17-17-17
83,51,150,35.5,65.7,53.0,Sandy,Millets,Urea
46,17,121,37.1,90.9,44.5,Red,Sugarcane,DAP
127,6,31,30.4,97.9,20.3,Black,Paddy,DAP
33,89,196,35.2,26.8,21.1,Red,Paddy,10-26-26
130,113,9,25.2,63.4,17.8,Red,Millets,Urea
124,58,166,32.9,19.3,40.9,Clayey,Tobacco,DAP
60,76,117,25.9,64.9,26.7,Clayey,Cotton,DAP
25,102,204,31.6,57.3,12.7,Clayey,Millets,20-20
43,145,1,35.9,32.4,49.8,Red,Pulses,14-35-14
46,77,164,41.7,44.2,41.7,Red,Millets,Urea
0,70,114,20.5,28.9,34.0,Black,Oil seeds,14-35-14
130,8,88,22.4,16.1,41.3,Black,Sugarcane,DAP
72,28,119,21.4,30.2,57.7,Red,Ground Nuts,DAP
138,111,110,24.9,45.8,47.4,Clayey,Ground Nuts,14-35-14
112,26,115,23.3,44.6,49.3,Sandy,Maize,DAP
138,89,130,16.3,32.9,55.1,Sandy,Barley,28-28
85,47,60,19.4,67.5,37.9,Black,Barley,DAP
43,18,190,22.8,46.1,17.5,Loamy,Cotton,DAP
104,106,92,21.0,25.2,40.5,Loamy,Sugarcane,20-20
104,64,139,40.1,33.8,46.5,Sandy,Cotton,14-35-14
28,50,13,42.7,44.7,41.1,Loamy,Tobacco,17-17-17
84,138,26,24.3,73.1,31.9,Red,Wheat,28-28
70,63,43,39.3,96.0,26.4,Clayey,Millets,Urea
140,49,180,18.3,45.7,37.5,Black,Wheat,DAP
80,75,79,22.4,96.9,23.2,Black,Sugarcane,20-20
7,50,132,15.1,82.3,52.2,Black,Wheat,28-28
52,144,192,38.8,37.2,53.8,Clayey,Millets,Urea
127,134,36,43.6,88.2,50.8,Sandy,Oil seeds,14-35-14
109,59,165,21.6,46.5,52.7,Sandy,Wheat,28-28
102,11,120,19.4,19.1,36.7,Red,Paddy,DAP
14,100,11,29.6,45.2,28.7,Red,Wheat,28-28
1,36,186,25.8,95.2,31.2,Clayey,Maize,Urea
105,57,162,16.1,26.2,26.2,Sandy,Sugarcane,20-20
8,68,131,20.8,24.7,41.7,Clayey,Pulses,14-35-14
131,14,119,37.0,85.3,13.1,Clayey,Millets,DAP
44,73,197,37.2,86.4,28.9,Red,Millets,Urea
59,51,123,27.4,84.4,39.1,Sandy,Tobacco,17-17-17
0,50,143,31.3,38.6,55.7,Sandy,Ground Nuts,14-35-14
36,129,75,22.2,18.2,56.3,Loamy,Wheat,28-28
98,55,28,32.4,56.5,28.2,Sandy,Oil seeds,14-35-14
52,84,85,32.1,59.4,33.9,Loamy,Wheat,28-28
81,135,19,24.0,36.4,47.2,Black,Millets,Urea
73,141,179,34.8,22.8,11.0,Red,Millets,Urea
81,30,83,37.9,37.3,55.8,Loamy,Pulses,DAP
9,70,21,28.2,39.2,20.9,Red,Paddy,17-17-17
82,95,89,30.5,59.1,16.0,Black,Maize,28-28
117,74,183,22.1,16.6,15.5,Red,Pulses,14-35-14
34,92,197,35.3,56.3,23.5,Red,Sugarcane,10-26-26
135,18,30,44.6,44.4,35.2,Black,Tobacco,DAP
91,109,42,44.8,77.1,29.4,Loamy,Cotton,Urea
102,40,178,21.7,35.3,36.9,Clayey,Sugarcane,20-20
78,116,180,42.0,68.6,54.6,Sandy,Sugarcane,20-20
133,19,19,18.8,45.5,32.3,Loamy,Maize,DAP
4,63,185,40.4,86.1,19.3,Black,Pulses,14-35-14
5,41,143,33.4,85.0,22.7,Black,Ground Nuts,14-35-14
138,92,51,28.0,61.9,16.8,Black,Wheat,28-28
49,8,44,38.5,17.8,15.9,Sandy,Ground Nuts,DAP
66,94,54,24.1,33.9,21.2,Clayey,Cotton,20-20
28,92,5,40.9,47.6,12.8,Black,Wheat,28-28
36,101,179,30.3,74.8,44.2,Sandy,Tobacco,10-26-26
107,107,68,42.0,80.2,41.2,Sandy,Sugarcane,20-20
110,91,121,30.0,51.1,45.3,Clayey,Oil seeds,14-35-14
58,114,115,42.6,99.6,19.9,Sandy,Cotton,14-35-14
59,89,50,25.4,51.1,30.9,Red,Millets,Urea
29,50,155,44.6,38.4,36.4,Loamy,Barley,28-28
93,57,12,25.0,15.9,17.1,Sandy,Tobacco,28-28
118,14,187,41.0,68.6,46.1,Loamy,Millets,DAP
30,15,150,36.5,51.1,53.2,Black,Cotton,17-17-17
84,70,163,37.0,67.2,14.3,Clayey,Ground Nuts,14-35-14
49,29,200,35.3,41.9,54.2,Black,Tobacco,DAP
107,50,41,43.9,99.9,57.6,Red,Ground Nuts,14-35-14
72,73,122,43.6,52.3,30.8,Loamy,Tobacco,17-17-17
41,43,79,23.1,93.9,25.2,Clayey,Barley,DAP
22,128,122,20.4,17.0,34.4,Black,Millets,20-20
105,140,148,20.9,80.0,25.7,Sandy,Cotton,14-35-14
138,34,83,30.9,97.2,55.2,Loamy,Ground Nuts,DAP
90,136,198,36.3,47.5,51.9,Black,Oil seeds,14-35-14
80,62,98,30.2,17.6,59.8,Clayey,Ground Nuts,14-35-14
89,103,50,35.1,63.0,42.8,Clayey,Millets,Urea
47,139,19,16.5,39.7,57.1,Sandy,Tobacco,10-26-26
133,82,127,16.7,31.0,34.5,Clayey,Ground Nuts,14-35-14
118,93,108,41.4,25.8,23.0,Loamy,Barley,28-28
8,95,76,43.3,92.1,33.3,Black,Millets,Urea
74,38,121,37.8,15.3,15.7,Red,Wheat,DAP
13,15,129,23.4,24.2,23.6,Red,Oil seeds,Urea
110,39,155,29.2,55.8,46.8,Black,Pulses,14-35-14
48,2,76,32.6,16.9,25.5,Red,Millets,DAP
117,10,167,43.8,30.6,55.5,Red,Ground Nuts,DAP
21,55,121,21.8,56.1,28.2,Clayey,Wheat,28-28
41,84,160,19.8,88.6,16.2,Loamy,Wheat,28-28
81,22,199,44.9,77.4,52.5,Black,Cotton,DAP
4,128,149,36.5,28.5,16.5,Red,Wheat,28-28
88,21,43,23.3,38.4,53.7,Loamy,Sugarcane,DAP
70,145,71,36.6,63.9,41.4,Clayey,Oil seeds,14-35-14
29,26,131,39.8,37.0,25.1,Red,Oil seeds,Urea
35,45,103,23.7,99.7,17.0,Loamy,Pulses,14-35-14
2,41,109,37.4,43.3,24.2,Black,Oil seeds,14-35-14
113,29,107,36.9,80.2,13.2,Black,Wheat,DAP
110,9,102,40.7,57.6,41.2,Clayey,Maize,DAP
36,122,200,15.5,32.3,21.7,Black,Oil seeds,14-35-14
123,35,45,44.8,21.7,50.6,Black,Wheat,DAP
55,66,12,24.8,69.0,25.3,Clayey,Ground Nuts,14-35-14
95,86,87,34.4,36.7,20.6,Loamy,Millets,Urea
113,14,112,33.0,64.4,42.1,Sandy,Cotton,DAP
63,37,135,34.4,68.7,15.6,Sandy,Cotton,14-35-14
38,95,5,25.8,36.5,15.6,Red,Sugarcane,10-26-26
8,61,175,30.1,80.2,41.8,Clayey,Cotton,10-26-26
63,25,172,38.9,48.5,29.1,Sandy,Cotton,DAP
95,75,32,31.8,27.7,26.0,Loamy,Wheat,28-28
45,119,47,23.2,95.4,40.6,Loamy,Pulses,14-35-14
64,142,60,22.6,91.8,14.3,Red,Maize,28-28
89,88,178,26.2,48.6,51.9,Red,Oil seeds,14-35-14
6,53,179,19.4,96.0,44.7,Sandy,Millets,Urea
67,101,192,32.6,57.4,22.9,Loamy,Maize,10-26-26
80,11,123,23.9,68.4,55.6,Sandy,Maize,DAP
107,98,21,40.8,72.3,20.0,Clayey,Tobacco,14-35-14
120,3,25,21.3,48.7,41.7,Red,Barley,DAP
7,115,50,33.7,38.4,29.7,Loamy,Oil seeds,14-35-14
85,68,88,21.2,73.2,59.5,Loamy,Maize,28-28
36,99,112,20.4,16.6,26.7,Red,Ground Nuts,14-35-14
49,81,49,15.5,15.3,11.5,Red,Tobacco,20-20
79,29,48,37.8,88.5,10.4,Clayey,Sugarcane,DAP
3,11,144,18.3,78.1,29.6,Red,Barley,Urea
77,54,72,20.9,68.6,12.2,Sandy,Oil seeds,14-35-14
88,3,29,24.7,85.5,22.9,Loamy,Barley,DAP
130,111,77,34.3,77.3,19.4,Red,Oil seeds,14-35-14
6,114,91,28.7,95.4,48.6,Clayey,Pulses,14-35-14
83,27,22,40.1,56.6,15.3,Red,Oil seeds,DAP
67,5,110,18.5,59.6,38.7,Loamy,Pulses,DAP
117,129,103,33.7,78.7,19.6,Red,Oil seeds,14-35-14
21,124,96,24.7,54.1,38.8,Clayey,Barley,28-28
51,37,130,37.3,61.2,49.0,Loamy,Sugarcane,20-20
119,126,113,27.5,92.8,12.1,Loamy,Oil seeds,14-35-14
106,118,108,29.6,94.8,42.9,Sandy,Tobacco,Urea
23,20,137,33.0,36.9,48.4,Red,Tobacco,Urea
93,35,152,21.2,85.0,40.8,Sandy,Tobacco,20-20
0,2,177,26.5,34.5,13.6,Red,Sugarcane,Urea
66,6,7,33.2,85.2,37.4,Clayey,Wheat,DAP
117,112,145,19.6,68.8,32.4,Sandy,Oil seeds,14-35-14
2,139,144,44.4,59.2,23.0,Loamy,Oil seeds,14-35-14
117,28,205,32.6,66.7,25.3,Clayey,Tobacco,DAP
125,98,115,41.1,81.7,45.2,Red,Paddy,DAP
115,135,186,30.2,59.2,20.2,Clayey,Oil seeds,14-35-14
90,109,55,18.3,28.9,50.6,Loamy,Wheat,28-28
34,129,135,20.3,76.9,10.0,Black,Wheat,28-28
80,119,17,35.1,84.5,33.0,Loamy,Barley,28-28
53,14,185,34.7,57.6,46.7,Loamy,Ground Nuts,DAP
35,16,1,17.3,99.7,23.5,Sandy,Sugarcane,28-28
4,29,137,16.9,23.1,14.5,Black,Millets,Urea
60,101,25,34.9,57.5,50.9,Black,Barley,28-28
12,88,87,38.7,49.0,31.8,Sandy,Pulses,14-35-14
74,56,148,36.8,78.5,39.6,Loamy,Oil seeds,14-35-14
124,0,91,19.7,83.9,41.4,Black,Tobacco,DAP
125,25,60,16.2,29.0,23.0,Loamy,Wheat,DAP
104,114,20,27.2,97.1,32.3,Red,Barley,28-28
